0,757,601,271,497,85,612,597,99,278,306,176,395,284,299,525,477,165,309,484
1,642,649,276,846,708,890,127,541,584,333,793,290,785,733,639,488,144,700,533
2,150,124,421,377,659,222,500,458,470,277,267,343,528,9,33,370,280,338,576
3,796,816,237,612,400,111,286,534,426,68,193,326,120,372,743,40,197,71,383
4,599,517,889,544,675,330,17,341,226,625,614,484,6,397,534,165,93,263,562
5,472,209,723,184,535,249,784,892,885,730,11,797,610,321,43,233,84,21,54
6,226,562,93,599,742,194,360,146,4,559,155,518,544,431,250,330,867,517,519
7,625,234,341,263,455,517,313,841,90,445,247,165,226,65,781,534,330,867,590
8,295,143,198,307,399,570,10,545,356,526,102,854,670,527,606,807,621,495,320
9,440,277,377,30,455,79,889,223,343,372,781,520,189,445,90,136,13,799,16
10,307,606,621,143,399,439,8,263,618,141,545,321,496,47,228,438,149,580,749
11,403,101,120,664,524,505,873,163,179,398,168,117,126,730,255,489,92,66,885
12,173,733,852,810,569,702,853,794,720,716,367,849,131,547,129,788,826,685,732
13,277,615,301,217,528,195,467,774,382,312,418,142,213,370,440,324,470,781,223
14,96,462,84,508,90,494,520,675,369,73,17,45,874,153,408,681,120,240,344
15,865,693,657,173,575,826,650,159,567,769,358,91,838,661,728,862,539,879,276
16,18,17,494,440,481,223,196,204,455,255,30,90,898,136,344,889,142,79,323
17,898,16,90,599,481,330,494,341,344,675,65,223,18,455,827,120,889,255,729
18,223,16,196,142,889,79,366,898,136,17,494,70,30,323,614,781,492,725,155
19,271,497,298,174,310,360,757,816,612,309,123,202,601,243,625,285,85,431,197
20,32,149,543,385,438,619,636,687,101,62,621,120,163,887,403,10,618,787,179
21,664,730,403,524,92,11,505,209,101,179,391,54,425,22,163,741,482,761,117
22,11,21,101,511,894,873,752,117,505,425,482,403,556,314,713,730,761,275,398
23,383,655,151,243,286,816,401,167,273,480,202,270,78,68,269,316,219,85,424
24,829,205,604,212,376,283,248,461,400,39,180,197,515,424,68,305,546,441,63
25,46,388,334,486,201,331,371,294,312,328,812,801,528,498,435,418,576,217,370
26,252,373,454,614,142,517,625,312,230,371,628,4,328,226,418,195,599,155,366
27,326,816,400,63,286,870,601,197,122,270,74,426,40,534,202,208,391,480,243
28,255,120,163,233,344,242,508,681,66,90,481,84,237,874,185,524,521,543,96
29,167,88,379,86,655,316,151,180,303,51,36,442,419,50,87,109,563,453,892
30,440,79,889,455,9,142,277,445,90,18,16,494,223,17,506,520,418,13,898
31,892,472,410,291,443,233,355,105,54,784,347,548,210,209,125,352,184,44,535
32,20,149,636,438,749,10,101,787,62,543,823,307,143,385,163,527,621,8,582
33,280,659,421,343,150,277,338,124,774,433,217,458,381,370,576,743,60,294,382
34,209,784,632,813,831,205,420,260,140,472,249,610,512,565,352,308,674,451,551
35,208,646,424,68,391,741,48,757,870,85,158,427,270,54,546,401,597,501,306
36,57,86,181,88,443,51,690,260,29,472,87,80,297,303,442,180,461,283,548
37,403,885,730,209,391,11,117,741,524,398,126,515,833,610,101,723,408,664,679
38,456,572,592,552,643,868,842,653,563,158,605,483,133,772,791,656,550,724,86
39,337,884,197,546,426,283,741,405,253,646,68,248,870,122,894,507,348,306,21
40,426,92,68,179,270,120,816,255,317,237,284,413,524,11,508,501,870,326,452
41,262,256,565,583,740,760,171,617,140,665,737,629,834,716,487,662,647,718,672
42,186,408,209,752,166,117,679,646,797,398,727,870,894,125,761,472,507,873,741
43,184,163,5,66,242,321,11,548,730,723,120,472,892,508,403,255,784,233,512
44,472,209,761,741,730,117,885,352,535,391,515,408,441,317,37,833,892,210,548
45,457,204,108,439,196,462,90,492,494,263,625,344,16,357,898,4,445,96,366
46,25,331,576,201,388,334,418,498,294,857,328,195,312,486,812,280,371,343,433
47,349,143,293,529,318,676,108,681,307,438,55,526,393,204,508,344,244,670,457
48,597,284,741,278,299,108,870,395,431,427,114,208,309,524,63,874,477,68,54
49,180,288,829,283,442,607,5,362,655,472,405,134,563,461,209,181,39,249,480
50,283,167,362,51,741,56,87,248,442,424,376,829,180,546,427,563,848,303,85
51,537,283,427,741,400,270,151,63,197,870,306,248,546,424,208,68,309,286,432
52,482,99,713,215,507,752,395,408,873,101,307,525,67,431,314,179,511,417,398
53,64,597,431,346,600,65,114,299,397,383,783,234,719,202,427,477,460,484,534
54,163,403,870,233,11,21,209,508,524,723,99,510,321,126,208,873,299,535,67
55,47,670,255,873,11,510,120,398,244,508,349,293,179,393,92,66,163,723,658
56,283,197,219,400,816,309,248,348,183,337,612,432,63,286,601,122,3,426,68
57,690,36,190,115,531,552,592,875,724,753,667,564,594,86,311,589,80,216,880
58,572,832,665,817,171,262,834,594,629,662,760,653,623,311,583,282,551,41,586
59,356,228,899,336,854,221,192,287,466,570,323,295,320,378,670,366,468,428,102
60,193,269,343,330,78,590,202,381,474,223,534,445,33,338,200,874,331,326,692
61,769,553,619,831,602,693,419,543,687,76,650,575,187,161,385,662,707,173,339
62,385,619,543,76,20,327,231,392,32,90,638,602,263,481,887,17,16,148,455
63,68,424,612,870,286,426,283,85,400,197,480,601,243,27,270,427,537,342,816
64,165,145,202,534,93,397,597,53,517,330,7,436,599,874,383,65,625,341,299
65,527,93,344,484,559,250,293,17,313,114,874,179,108,330,524,204,534,562,439
66,120,82,510,508,163,179,457,748,263,255,384,11,439,99,723,321,462,204,17
67,93,120,179,194,410,403,82,477,101,299,99,168,723,141,439,556,398,73,263
68,816,612,197,426,870,63,284,601,270,305,884,40,286,310,534,179,208,219,400
69,426,68,612,601,197,310,504,816,306,122,165,63,219,400,99,3,284,884,179
70,228,366,466,225,281,79,378,293,676,204,323,223,18,196,481,898,155,192,320
71,90,344,534,445,223,494,481,440,372,614,484,267,189,796,338,108,748,457,234
72,115,760,594,592,140,564,311,661,490,216,552,589,653,693,128,171,834,859,724
73,462,874,67,391,165,17,120,870,317,93,82,313,341,675,96,369,681,90,299
74,326,208,306,816,197,612,502,286,590,305,426,870,237,27,103,601,60,263,270
75,559,250,823,258,141,404,366,854,194,580,93,155,697,206,492,525,763,196,65
76,385,62,543,619,392,824,602,20,240,534,90,579,459,783,831,887,600,874,327
77,5,475,107,472,249,566,184,209,784,548,44,505,892,723,423,355,31,437,54
78,202,60,243,269,193,342,612,534,338,316,383,783,266,85,371,200,326,286,502
79,142,30,440,70,18,455,9,323,614,223,889,277,90,116,506,781,445,13,16
80,260,603,817,564,238,358,594,561,249,566,831,821,553,361,661,575,138,36,472
81,135,151,273,270,286,400,51,816,655,870,401,118,537,427,306,109,167,222,783
82,120,66,321,99,510,67,457,101,723,179,439,462,438,329,610,263,244,885,108
83,741,761,253,894,507,337,515,410,166,680,352,679,126,413,771,663,833,477,634
84,14,153,892,472,797,462,747,885,380,240,329,96,870,125,408,109,270,494,178
85,757,202,310,63,401,383,597,870,240,427,309,68,273,612,783,534,286,64,874
86,88,483,868,36,303,443,115,29,379,260,442,87,689,51,589,592,633,594,552
87,51,50,88,86,442,362,158,446,483,260,105,29,868,376,36,689,596,303,283
88,86,29,689,87,51,379,868,483,91,650,531,303,36,442,260,158,174,419,167
89,885,524,92,11,179,244,505,209,66,120,96,101,210,112,82,21,664,253,168
90,17,898,494,455,263,375,481,445,484,440,344,223,534,30,492,625,16,850,71
91,650,838,769,865,419,15,173,575,693,872,657,159,182,358,767,728,759,131,129
92,179,535,40,11,317,426,284,664,210,873,126,172,101,21,730,66,505,209,524
93,65,330,559,874,67,194,6,431,120,250,344,313,599,562,484,145,534,141,544
94,191,239,774,615,312,195,217,433,13,324,576,370,449,294,382,213,277,435,343
95,745,481,485,898,189,484,30,336,375,17,155,344,9,889,748,469,223,274,518
96,14,462,120,369,17,681,244,408,508,344,524,90,501,675,204,494,341,117,45
97,861,868,279,596,563,623,721,607,260,817,80,880,376,825,461,212,555,859,315
98,761,664,317,253,410,297,833,352,209,730,92,663,37,275,44,634,210,741,515
99,179,431,439,524,82,52,263,120,67,101,163,398,469,66,108,126,408,508,93
100,275,98,511,209,761,22,37,21,425,205,11,730,634,412,873,610,92,34,117
101,11,244,438,664,403,482,507,120,82,67,873,99,179,321,524,126,505,317,556
102,287,307,356,295,293,807,143,65,466,320,570,697,899,495,228,527,8,204,854
103,326,286,197,202,68,612,74,816,601,400,305,434,64,870,452,145,27,208,270
104,842,661,451,553,564,358,817,169,282,589,512,171,424,623,832,879,767,80,115
105,158,303,741,757,443,48,424,240,680,416,253,68,892,85,208,50,306,347,209
106,211,312,382,445,470,774,343,264,381,191,13,60,719,277,377,223,436,266,625
107,77,784,134,443,288,44,205,209,472,31,34,442,186,283,461,475,892,5,813
108,457,534,204,293,439,45,898,746,196,492,527,120,65,179,676,185,544,344,357
109,341,885,783,646,599,296,816,870,874,397,391,118,165,729,403,892,400,411,96
110,258,196,230,466,763,454,323,252,142,116,366,492,468,440,79,516,223,155,484
111,350,3,270,870,816,208,96,383,40,494,219,462,237,71,68,222,427,843,655
112,298,194,123,345,395,108,67,499,360,99,45,431,82,278,534,559,296,93,625
113,654,639,890,751,673,765,789,882,701,541,389,558,871,896,584,785,290,793,182
114,469,65,749,850,344,484,519,93,323,99,143,431,518,250,263,67,17,313,729
115,589,564,72,594,531,760,592,311,552,653,877,623,842,216,661,171,451,795,86
116,79,110,247,620,454,142,223,449,382,801,774,763,343,324,230,492,615,312,258
117,408,885,11,515,186,646,101,679,96,329,37,398,501,209,403,664,713,870,507
118,524,427,109,870,344,431,874,452,96,397,400,341,237,372,270,306,401,816,326
119,252,763,330,625,874,454,223,620,559,145,116,313,341,75,562,378,614,4,599
120,66,82,179,163,263,457,403,439,510,11,723,67,93,255,384,17,748,101,898
121,533,758,869,587,541,1,809,289,739,488,642,333,710,639,169,276,182,849,844
122,426,284,884,601,197,68,219,612,816,67,101,27,99,337,870,398,40,172,39
123,298,112,194,93,625,65,37,99,431,391,360,599,622,559,403,202,874,364,114
124,343,421,188,266,150,576,440,500,338,267,433,458,280,418,277,470,2,33,222
125,176,210,284,819,507,253,209,179,68,126,408,410,411,870,369,172,165,771,291
126,873,671,507,723,524,11,833,664,99,352,101,209,179,210,508,92,284,403,369
127,793,584,789,751,333,708,558,642,709,890,673,700,785,354,845,389,882,1,776
128,737,837,140,617,647,565,583,760,551,41,171,623,879,585,629,451,778,72,780
129,276,790,567,173,733,569,731,810,778,290,878,853,647,131,876,814,879,617,865
130,313,399,606,141,621,469,307,293,344,93,10,65,867,545,299,763,263,163,143
131,865,173,838,129,661,814,567,569,767,826,12,15,879,853,778,872,693,769,575
132,760,831,808,594,41,161,699,565,653,669,877,879,632,821,631,662,216,684,674
133,863,648,216,753,589,760,591,552,633,115,877,669,572,531,594,724,171,592,588
134,107,442,283,49,607,443,475,472,36,273,424,27,51,212,405,63,892,376,362
135,338,270,68,500,816,479,222,401,350,590,85,269,383,458,372,870,310,757,237
136,223,445,614,372,330,494,18,599,16,440,277,142,455,889,9,341,781,13,17
137,770,707,822,539,637,541,635,691,878,765,734,809,852,595,720,896,577,678,639
138,877,238,831,565,451,800,420,795,551,879,824,512,669,674,631,760,554,617,171
139,221,170,854,353,476,204,697,823,658,402,287,670,438,244,224,336,457,307,749
140,565,669,551,216,41,760,128,629,860,617,585,837,256,736,72,737,858,674,262
141,559,250,93,75,606,439,580,65,518,823,67,194,206,697,527,854,10,525,477
142,223,277,79,614,725,301,18,196,445,13,328,440,195,781,324,30,418,889,625
143,295,293,307,8,47,545,10,670,606,399,163,527,185,102,854,438,287,807,621
144,788,639,810,547,714,649,542,276,896,549,541,569,720,765,849,878,581,129,785
145,330,93,64,559,534,625,263,341,874,599,600,364,65,397,445,17,67,4,313
146,6,519,518,274,226,827,67,93,176,748,114,599,469,141,4,194,17,507,559
147,636,149,198,8,428,618,621,32,10,170,20,75,527,807,606,823,307,141,580
148,638,492,366,225,323,247,196,155,763,192,70,618,466,529,223,378,336,527,116
149,20,621,527,438,32,65,143,618,10,307,807,545,8,293,163,179,887,823,439
150,421,280,370,343,528,418,294,433,576,217,277,312,470,435,124,774,659,328,474
151,316,286,383,202,167,243,424,432,400,23,427,270,273,655,305,342,51,397,309
152,579,392,62,76,374,385,630,897,106,231,445,225,459,619,382,616,527,148,543
153,797,84,14,240,870,233,462,479,520,892,521,350,508,747,73,96,646,401,408
154,439,141,101,254,321,606,622,172,819,395,525,122,278,511,482,176,664,423,179
155,366,562,196,492,484,404,226,323,330,336,466,867,247,898,223,468,302,614,70
156,410,322,706,406,664,170,873,215,438,67,726,507,287,827,482,179,510,149,621
157,395,48,125,507,317,741,477,410,423,284,819,172,408,679,164,391,117,210,83
158,105,303,680,35,208,741,546,87,483,646,442,164,261,757,337,88,86,648,424
159,865,15,575,838,862,769,728,657,182,91,173,693,650,814,598,890,131,722,276
160,670,307,295,349,47,143,697,495,287,114,850,395,393,854,244,102,221,606,369
161,662,617,129,647,171,657,173,879,567,276,814,703,837,132,853,778,15,262,733
162,758,869,708,533,635,809,769,169,660,822,798,878,257,1,538,276,419,879,541
163,403,120,54,66,524,185,321,11,527,508,65,143,293,510,723,313,606,99,179
164,166,680,546,761,741,894,646,408,186,507,83,39,713,679,727,348,337,117,405
165,64,17,4,517,599,534,73,783,544,120,67,612,7,93,176,202,675,874,240
166,164,727,507,42,761,894,408,646,752,186,741,117,546,680,83,679,515,813,253
167,316,151,180,655,29,23,273,400,829,283,243,50,51,202,286,816,197,85,270
168,477,403,11,65,67,723,163,524,413,179,741,120,556,284,108,439,114,101,398
169,647,569,648,661,769,282,876,869,131,767,814,865,581,862,864,419,173,662,878
170,287,807,438,670,143,495,307,482,658,854,8,402,899,139,356,621,10,221,353
171,703,662,665,617,760,256,817,647,837,565,451,575,834,877,879,650,864,832,800
172,322,410,507,317,819,92,210,664,179,284,253,126,122,125,99,275,67,535,406
173,853,865,129,810,290,567,838,826,733,720,131,276,15,12,876,769,846,678,367
174,497,757,271,310,601,85,306,612,270,197,19,741,337,74,68,151,391,181,202
175,774,213,449,94,382,211,467,191,324,856,106,13,217,370,239,381,312,468,801
176,827,544,422,67,125,278,165,477,504,194,284,179,410,6,395,93,601,299,612
177,755,659,470,458,528,500,150,269,331,388,857,812,277,421,266,387,479,377,217
178,462,885,82,329,73,84,380,209,96,364,664,120,109,747,5,892,472,441,723
179,99,120,439,92,263,65,67,255,66,108,210,344,11,403,723,93,457,82,469
180,167,829,181,655,283,212,273,286,243,23,816,400,51,461,50,401,29,183,424
181,757,197,270,68,306,283,400,310,180,183,816,870,208,237,884,85,122,5,209
182,776,838,890,844,354,756,759,751,673,845,762,764,785,333,779,871,584,822,728
183,400,197,337,253,68,40,286,741,283,270,122,248,537,816,426,181,664,884,237
184,43,472,892,5,548,730,885,209,403,723,784,11,163,321,54,475,535,37,747
185,293,545,313,163,676,108,527,65,529,399,874,143,384,263,621,534,90,242,70
186,117,42,398,408,713,646,761,472,166,352,752,894,11,507,870,515,355,873,535
187,703,553,650,91,693,564,358,575,594,76,769,359,728,161,831,648,707,738,15
188,124,266,576,479,520,343,433,500,523,331,421,440,150,267,46,418,458,30,211
189,372,9,781,506,874,743,30,71,494,614,343,223,136,440,590,222,90,481,455
190,531,57,115,592,753,772,265,724,311,588,589,552,594,690,661,875,825,648,564
191,239,94,217,312,774,433,576,370,294,343,280,382,195,435,528,615,467,277,211
192,366,196,228,258,492,356,70,823,302,336,225,526,545,204,229,466,468,527,59
193,60,326,269,534,202,796,372,874,612,78,692,502,743,243,286,590,223,338,342
194,298,93,544,67,559,6,360,476,562,357,534,112,492,141,75,250,518,366,196
195,801,13,449,277,774,312,328,201,433,142,615,301,334,217,324,781,94,213,528
196,366,492,18,192,155,110,466,223,142,544,258,204,16,614,468,763,323,823,559
197,68,884,870,612,306,400,426,305,816,337,248,601,183,286,270,122,63,39,237
198,8,143,102,356,295,807,428,670,527,621,287,307,293,570,529,399,170,320,526
199,307,621,10,101,130,482,141,580,556,395,526,854,807,67,21,425,606,170,332
200,599,857,341,498,841,328,223,445,195,517,330,781,269,590,625,60,371,725,889
201,498,801,331,388,195,25,371,812,857,46,343,328,312,440,470,370,200,334,280
202,383,78,243,534,64,612,85,193,342,60,286,692,269,601,305,590,326,151,273
203,376,741,283,248,352,39,557,212,680,337,183,83,253,515,98,362,514,604,761
204,898,108,746,196,481,45,320,457,344,70,16,466,366,529,439,65,293,18,228
205,461,212,376,24,209,784,441,604,44,472,892,183,34,352,98,283,260,5,253
206,697,336,763,141,366,476,258,230,559,196,492,544,75,827,580,468,823,194,867
207,738,728,886,651,584,756,333,354,776,890,751,739,182,673,759,389,708,838,789
208,870,350,74,646,741,270,286,68,884,403,424,219,197,816,163,757,306,427,111
209,472,892,535,885,352,784,253,730,126,391,37,210,403,44,11,92,117,21,741
210,179,505,99,126,819,92,664,11,410,209,125,120,507,524,284,535,214,873,489
211,343,370,382,264,267,470,106,280,774,266,421,150,576,381,312,433,217,277,467
212,461,283,607,829,205,248,376,337,180,424,622,604,56,741,24,362,51,209,63
213,774,382,467,217,324,801,528,370,312,277,435,294,13,280,433,449,195,381,615
214,658,744,664,524,179,210,671,730,369,244,99,92,843,11,101,255,457,321,126
215,52,713,507,482,170,504,287,143,244,408,101,438,873,214,307,664,670,524,501
216,552,669,140,724,667,311,592,115,653,760,72,717,633,420,594,171,41,656,593
217,312,280,294,370,774,435,528,467,433,382,343,150,191,213,277,245,418,328,13
218,270,427,350,111,135,508,757,153,233,40,479,255,208,222,524,68,500,237,520
219,426,480,612,68,208,337,122,345,270,816,179,197,546,99,111,283,884,63,870
220,714,547,668,788,144,573,569,865,131,581,864,542,567,598,838,702,888,849,754
221,854,697,356,336,570,59,670,476,899,287,402,307,353,320,295,495,139,204,192
222,338,267,500,124,440,377,590,692,659,783,266,502,372,343,479,2,60,421,242
223,18,136,142,330,445,889,614,620,196,455,16,506,382,372,781,17,494,90,366
224,146,559,139,518,141,67,250,357,221,6,519,438,172,101,854,823,194,697,176
225,70,527,323,366,281,223,529,293,229,196,79,90,676,192,897,247,481,155,228
226,6,675,599,517,155,234,562,4,614,263,17,455,625,518,344,360,454,484,330
227,211,264,266,343,381,106,590,470,191,239,382,506,300,523,267,576,94,338,433
228,70,466,323,192,281,378,898,366,336,302,293,676,204,59,155,320,356,746,196
229,225,336,192,366,196,323,281,763,481,492,320,206,527,529,223,228,90,867,293
230,544,110,449,454,196,625,142,867,517,252,366,206,492,116,258,223,195,614,534
231,62,385,543,327,619,225,887,76,638,20,392,148,90,229,455,618,704,375,527
232,477,507,299,873,176,426,431,870,646,67,413,306,894,53,278,397,427,314,504
233,163,508,347,521,524,723,870,54,255,350,240,185,462,153,120,99,126,179,797
234,455,729,440,625,226,344,484,675,7,90,614,517,711,445,481,827,323,263,431
235,51,87,29,548,86,88,36,657,80,358,180,561,260,91,829,187,575,167,703
236,521,11,369,671,723,681,524,508,393,208,255,214,209,870,163,126,730,501,210
237,326,3,816,270,524,255,197,400,40,426,286,344,68,612,338,16,208,74,502
238,420,138,877,80,115,566,800,795,831,669,451,361,308,699,257,472,633,564,86
239,191,94,217,433,576,774,312,435,528,280,294,343,370,418,213,211,382,245,195
240,462,870,401,534,494,675,783,85,99,165,439,73,286,874,120,263,892,82,350
241,327,20,385,459,543,619,691,32,62,76,803,163,54,896,399,137,618,595,149
242,384,185,163,341,66,889,783,17,222,440,120,90,313,534,263,223,330,799,620
243,816,202,286,480,612,400,305,326,78,310,401,270,63,193,534,68,151,601,309
244,101,658,204,438,96,524,369,457,501,120,82,681,47,464,664,108,307,746,66
245,294,435,774,217,328,301,418,528,280,312,467,370,150,433,486,421,615,213,576
246,412,726,166,557,894,39,406,164,679,315,248,314,511,426,253,514,507,715,741
247,155,436,323,366,116,330,625,466,455,225,258,468,516,484,223,336,7,65,763
248,741,197,283,546,337,253,68,400,270,426,39,63,183,208,219,612,424,405,870
249,5,472,209,441,80,512,44,730,885,784,535,475,34,362,21,92,283,51,892
250,559,823,65,141,75,93,527,366,562,466,854,749,196,155,344,6,519,336,194
251,48,662,831,76,309,171,648,161,817,395,68,501,665,832,208,716,131,814,27
252,454,763,110,26,230,258,614,196,142,492,116,625,449,119,206,366,615,517,534
253,771,741,663,209,664,410,317,197,507,248,679,183,125,210,67,39,761,83,172
254,67,423,403,512,321,398,122,101,179,284,507,391,120,664,425,317,477,82,172
255,481,524,120,16,17,179,508,898,344,66,11,484,204,163,237,494,293,90,469
256,879,171,617,737,629,567,551,565,41,877,662,716,672,669,674,451,530,817,760
257,800,705,879,698,617,808,691,877,674,693,551,770,660,171,831,760,564,678,539
258,468,110,366,196,466,302,697,192,75,492,496,580,404,522,247,323,763,228,252
259,664,475,101,499,556,215,423,819,441,321,730,403,515,507,438,425,141,163,54
260,80,868,461,86,564,337,180,34,362,563,311,594,205,88,87,623,817,661,36
261,588,158,88,379,483,814,644,87,29,105,648,863,531,446,589,91,448,875,574
262,41,583,665,171,617,669,256,662,837,565,629,737,778,647,451,551,716,834,140
263,120,439,90,675,313,299,179,330,484,469,625,492,462,867,517,66,17,748,344
264,211,106,382,266,343,267,191,13,470,433,520,227,506,576,372,370,421,124,445
265,656,795,190,115,753,717,684,818,868,592,531,633,623,552,279,772,86,760,825
266,124,343,590,338,523,211,188,479,421,458,470,267,433,331,500,280,440,312,576
267,338,211,500,222,124,377,421,440,458,266,372,331,743,470,9,71,502,796,343
268,545,356,399,293,75,143,428,149,185,250,527,621,59,163,65,807,130,496,823
269,331,60,193,659,692,409,458,78,474,812,200,383,343,371,381,500,590,312,338
270,816,400,68,286,237,135,427,870,208,40,197,884,757,111,243,350,480,306,401
271,497,19,174,0,757,601,416,253,348,85,612,56,197,741,310,68,427,306,309
272,370,312,217,418,435,277,343,774,280,433,301,382,421,294,576,528,150,124,9
273,401,202,85,342,383,151,316,270,424,286,757,23,78,816,655,167,243,427,103
274,748,827,330,544,4,484,518,559,146,6,93,230,223,614,366,522,599,155,17
275,322,873,126,761,92,172,507,511,410,101,100,406,694,894,819,22,52,11,398
276,129,173,814,569,538,878,810,790,853,567,765,678,289,539,822,144,733,806,419
277,13,528,301,774,343,418,370,467,312,328,150,421,280,142,440,217,433,382,9
278,67,176,93,299,194,395,601,534,108,559,284,344,114,48,597,145,439,326,484
279,623,721,594,703,699,875,859,564,795,553,592,724,817,589,552,880,115,861,653
280,370,217,433,150,435,294,312,343,421,528,774,576,418,277,467,486,470,812,301
281,70,323,378,228,336,225,325,484,320,223,366,455,481,293,466,676,867,79,90
282,662,589,661,648,693,834,171,586,569,767,814,169,131,647,703,644,769,650,760
283,424,248,63,546,39,68,741,362,51,56,197,337,50,405,870,400,286,306,208
284,68,601,398,122,457,870,884,426,507,92,67,179,126,671,477,125,168,40,427
285,296,601,556,431,537,391,286,103,870,783,67,299,310,145,502,625,874,757,326
286,326,400,243,816,270,63,68,480,202,151,197,305,612,208,103,424,383,502,432
287,102,899,495,170,854,697,143,356,65,221,307,293,807,295,59,570,670,336,353
288,472,49,784,180,892,44,443,442,829,747,107,461,209,5,362,566,42,205,283
289,822,333,276,173,678,846,533,769,738,838,569,639,290,728,765,844,809,878,650
290,846,173,720,129,700,878,849,765,733,788,810,569,890,769,883,639,838,649,876
291,641,125,210,410,411,870,663,68,892,352,84,126,83,894,472,761,885,727,209
292,607,283,50,212,622,107,376,741,253,56,51,348,405,563,750,205,424,39,604
293,185,676,108,527,529,65,143,70,484,545,481,466,320,898,356,399,344,47,225
294,370,435,217,774,280,418,312,328,343,528,433,150,301,245,467,576,421,277,191
295,143,8,570,495,670,102,545,293,526,854,307,356,228,807,746,399,697,160,108
296,431,783,403,477,391,341,599,109,298,364,729,874,120,313,82,4,17,885,67
297,352,634,548,727,761,209,472,515,98,885,813,44,741,892,833,524,117,747,664
298,194,123,112,431,534,93,625,562,599,360,65,559,874,226,250,108,6,99,439
299,263,431,313,67,436,729,108,477,462,93,850,344,179,293,346,99,874,65,870
300,433,382,280,343,227,150,528,370,470,421,418,576,458,217,312,124,277,381,294
301,328,418,277,294,433,370,774,13,142,217,528,245,435,280,725,421,467,324,615
302,366,492,697,258,155,228,526,378,854,516,468,108,192,466,898,323,196,336,357
303,443,158,105,86,379,483,29,50,784,892,88,209,376,741,442,680,757,271,424
304,427,68,270,40,248,477,816,397,501,524,413,284,197,870,431,400,432,426,424
305,197,612,816,68,243,534,286,400,202,193,480,74,326,870,103,63,601,590,151
306,870,197,884,74,757,426,427,612,816,68,400,270,208,310,63,283,326,337,286
307,10,143,102,854,526,8,606,621,295,47,670,320,302,438,807,545,823,899,293
308,877,629,115,257,800,171,795,760,633,662,653,256,623,420,808,565,652,669,564
309,202,612,85,326,601,243,197,63,757,310,286,816,68,622,305,151,306,48,534
310,85,757,243,68,612,816,601,286,270,197,306,625,326,432,202,309,426,383,69
311,592,594,552,115,724,216,72,772,669,760,808,859,825,564,420,589,490,795,656
312,217,435,280,370,294,774,343,528,576,433,418,277,191,150,615,801,421,381,382
313,341,263,65,625,185,874,93,729,299,330,516,344,484,108,783,534,293,436,163
314,679,752,511,408,67,398,713,507,93,482,101,403,117,415,299,477,52,741,11
315,461,735,260,205,607,376,39,791,140,24,412,557,248,253,563,817,760,72,212
316,151,167,383,202,78,266,273,479,655,342,286,783,23,338,85,590,659,222,372
317,664,507,120,524,92,101,410,11,535,172,73,452,67,403,40,253,885,126,179
318,344,47,681,108,326,439,10,143,534,204,263,179,438,527,469,163,529,293,746
319,813,209,42,663,408,117,83,761,894,679,44,37,275,126,515,726,472,186,441
320,323,204,457,293,481,281,378,466,349,898,529,344,746,70,366,336,196,676,228
321,723,82,163,120,101,439,606,403,66,399,423,108,10,179,417,438,126,664,730
322,406,819,172,275,507,355,664,126,694,410,92,210,417,761,671,179,505,170,482
323,466,366,455,228,484,281,320,155,344,516,225,336,898,196,70,79,481,18,378
324,774,328,725,213,277,301,615,142,13,382,528,195,217,294,312,781,801,467,370
325,484,867,481,336,281,706,375,544,293,320,745,827,457,90,344,366,225,323,357
326,237,193,286,502,534,874,74,816,27,612,601,243,103,60,480,692,338,342,330
327,62,619,385,241,231,76,392,459,20,543,638,90,148,330,445,887,527,263,579
328,301,418,294,324,528,277,774,435,370,725,217,245,615,433,312,195,486,280,334
329,441,885,82,408,797,117,96,462,84,120,369,244,380,507,870,472,209,515,73
330,599,93,223,145,625,445,17,136,155,484,263,874,559,492,562,517,4,366,323
331,46,201,470,812,343,421,25,576,418,269,498,280,857,371,312,150,370,528,294
332,101,415,67,556,482,403,425,726,21,505,22,525,664,314,438,141,250,417,559
333,584,789,354,751,739,793,673,558,882,890,651,776,759,886,844,845,762,389,871
334,25,328,195,801,46,301,486,201,418,324,388,312,615,435,294,433,774,498,245
335,566,632,491,420,361,80,34,821,690,633,831,609,308,260,512,684,669,808,98
336,366,378,155,323,281,697,228,325,827,484,206,481,854,867,344,466,544,356,221
337,348,197,741,39,884,248,546,219,183,208,283,122,306,604,253,68,400,83,362
338,222,267,590,266,124,372,502,33,343,743,692,381,500,534,135,440,60,458,269
339,787,687,831,647,20,602,803,806,543,691,864,161,276,619,385,129,613,662,702
340,406,322,726,664,101,415,482,515,172,275,819,444,511,332,170,253,410,761,98
341,599,889,313,17,534,874,494,729,372,520,330,223,4,625,397,200,136,7,65
342,202,78,326,612,193,63,590,383,273,534,372,286,513,338,601,243,60,743,597
343,370,576,421,280,150,312,294,433,277,124,418,217,774,470,381,211,435,440,266
344,469,65,481,323,17,484,90,204,559,867,93,529,874,527,234,293,431,729,179
345,112,219,101,67,99,194,82,125,209,298,120,210,96,819,395,122,108,610,480
346,93,299,397,65,344,53,431,469,874,559,7,263,403,477,434,64,6,313,67
347,233,163,723,54,208,393,185,168,508,143,840,47,369,293,126,108,606,179,783
348,337,546,884,197,741,39,405,604,56,283,306,752,208,270,248,253,679,816,601
349,47,670,320,293,850,529,898,676,204,228,70,746,344,281,160,90,336,526,295
350,208,870,111,462,757,816,270,383,338,508,222,427,783,68,646,520,523,401,675
351,682,853,702,826,685,530,864,876,577,581,635,567,879,171,720,617,806,849,896
352,209,535,515,126,761,403,664,524,741,11,297,507,646,885,92,472,117,870,892
353,570,221,356,320,495,457,287,325,670,139,204,170,697,706,749,102,357,295,746
354,776,751,890,182,389,845,739,333,762,785,759,779,651,789,811,673,756,882,584
355,505,322,819,894,11,210,761,398,92,21,407,507,664,275,321,186,671,723,179
356,854,59,366,466,697,293,102,192,823,670,336,221,527,545,228,570,295,287,302
357,746,457,492,108,544,196,302,194,366,867,204,439,476,45,898,344,155,179,518
358,650,575,693,703,661,15,817,564,865,879,678,171,594,91,832,173,722,553,767
359,115,187,552,592,772,442,564,311,490,279,875,589,880,690,57,531,87,594,561
360,6,226,194,298,599,625,93,517,112,562,847,559,45,155,4,675,454,544,17
361,420,632,238,80,209,831,582,821,465,730,138,37,21,5,512,352,417,11,184
362,283,546,337,884,472,270,424,741,248,39,208,50,181,829,44,51,376,68,219
363,622,766,792,154,424,405,38,456,511,172,412,212,607,157,278,337,219,668,563
364,145,330,136,599,93,494,17,96,341,120,675,874,326,296,434,4,240,27,397
365,439,476,763,457,108,298,544,101,122,45,534,196,326,244,194,204,625,344,99
366,196,155,466,492,70,323,192,336,258,898,559,302,468,867,823,484,18,225,544
367,876,720,569,733,702,878,581,488,852,716,770,773,794,737,567,173,691,547,853
368,747,380,892,209,472,663,727,784,797,813,319,205,297,885,84,352,641,42,443
369,681,96,244,462,408,658,843,524,126,723,73,508,14,47,464,344,214,108,101
370,280,294,217,433,343,774,312,150,467,421,528,435,277,576,382,418,301,328,211
371,812,312,388,801,486,280,217,294,201,328,370,331,25,435,774,528,418,195,269
372,494,136,223,377,9,341,534,189,338,520,500,590,506,889,692,743,874,440,193
373,725,324,328,26,614,774,418,312,435,486,217,200,841,213,599,142,277,528,474
374,897,211,225,440,90,9,445,267,79,455,343,506,2,223,71,124,150,370,106
375,90,481,325,843,898,293,494,484,255,676,529,745,9,850,746,17,71,455,349
376,212,205,461,50,203,362,283,443,829,741,181,51,604,680,303,24,260,337,248
377,9,500,372,470,440,267,277,13,222,528,659,223,889,124,2,781,136,331,150
378,70,336,281,366,228,323,676,302,516,320,614,155,293,79,466,492,192,481,529
379,29,303,86,88,448,443,483,261,447,446,31,531,875,105,690,633,36,699,411
380,797,84,747,73,329,885,462,209,892,109,178,240,14,675,165,663,120,870,82
381,343,312,217,382,280,774,506,370,213,294,338,211,223,470,801,33,13,590,60
382,213,774,217,370,277,528,13,312,467,211,381,223,280,470,433,801,324,343,294
383,202,534,427,23,432,816,269,151,401,286,85,372,659,338,316,612,350,692,270
384,120,676,66,242,185,90,529,313,481,163,783,898,263,47,293,729,17,16,375
385,62,619,76,543,602,20,263,887,824,831,90,392,179,120,71,32,638,481,66
386,343,33,211,576,277,774,124,9,455,382,745,13,433,445,223,781,374,150,458
387,470,150,343,421,124,331,266,267,458,277,338,377,576,312,500,857,659,9,177
388,25,801,812,201,371,498,486,331,312,46,280,269,334,294,528,774,343,217,370
389,651,882,789,776,673,762,354,751,558,785,890,584,811,739,845,540,759,627,333
390,269,799,625,200,857,7,874,193,743,341,381,781,201,331,498,576,675,195,445
391,646,403,73,209,398,37,741,21,179,408,752,208,117,870,730,477,501,313,296
392,76,385,62,579,630,60,619,152,193,543,222,267,327,777,231,338,269,459,331
393,399,47,606,293,185,143,545,299,723,108,349,307,369,10,621,681,496,670,482
394,894,873,752,713,398,306,74,11,507,426,425,870,208,232,92,122,39,884,437
395,67,299,112,278,114,52,176,597,559,65,194,108,141,477,48,168,99,434,723
396,251,351,76,241,463,27,543,104,392,62,826,169,887,278,385,327,326,131,459
397,434,341,4,599,93,729,675,477,64,874,65,145,494,346,870,597,299,372,136
398,477,408,11,284,403,413,120,870,99,462,507,67,179,391,117,894,873,723,431
399,545,293,496,8,10,143,185,393,321,618,621,295,108,163,606,130,141,428,268
400,197,270,816,286,183,243,3,63,305,68,237,537,27,306,870,426,612,432,326
401,816,273,240,383,85,243,270,424,202,427,870,63,350,135,757,68,783,286,534
402,221,170,854,287,670,899,8,495,295,307,570,139,697,143,59,160,356,526,807
403,11,163,120,37,885,477,524,101,67,179,65,93,168,664,505,398,391,723,54
404,155,366,468,75,258,196,466,142,522,323,18,247,110,562,223,484,614,324,492
405,39,283,546,208,741,622,337,348,248,219,601,870,395,607,122,563,68,646,424
406,322,340,172,694,507,170,482,819,275,726,52,873,511,894,101,664,126,253,156
407,322,819,355,275,101,210,505,22,172,67,507,482,92,664,406,671,495,511,417
408,117,679,398,752,96,646,507,99,369,524,329,42,515,870,82,741,713,462,885
409,474,269,60,590,599,659,33,193,280,200,202,78,217,326,343,372,316,692,371
410,67,477,179,664,172,317,210,403,253,413,168,422,176,352,126,125,663,507,398
411,125,109,548,885,42,892,291,84,870,771,68,747,209,472,515,797,380,727,210
412,39,511,337,166,894,761,122,405,713,348,83,752,275,394,873,507,164,546,314
413,477,431,398,179,403,168,427,524,741,410,40,284,67,11,679,65,434,833,507
414,50,416,271,497,174,303,442,848,443,105,85,446,376,757,87,212,802,427,167
415,515,741,101,679,713,314,332,873,408,403,524,117,507,501,37,726,244,11,752
416,151,271,497,105,273,167,85,174,427,316,197,424,202,383,306,50,309,741,103
417,179,101,82,321,126,664,11,67,99,505,120,92,556,439,507,52,510,66,322
418,301,294,435,328,421,433,150,277,312,343,280,370,528,576,217,13,245,774,470
419,769,91,276,649,182,650,838,759,785,770,354,814,693,776,890,575,173,822,865
420,238,669,831,808,216,115,633,361,138,800,311,656,472,34,632,308,566,465,594
421,150,343,280,370,418,433,470,435,277,467,124,528,576,312,294,217,774,331,301
422,176,67,544,410,534,706,194,179,68,210,357,108,439,168,99,65,484,612,457
423,321,723,819,730,475,82,179,120,101,214,664,254,507,108,47,391,438,512,398
424,283,63,286,427,208,401,151,68,270,546,197,870,601,273,219,85,383,741,305
425,505,11,101,21,403,556,438,67,179,873,482,163,664,120,22,439,417,82,92
426,612,68,197,69,122,40,884,870,219,63,179,284,306,92,816,507,120,39,67
427,432,477,429,383,870,270,306,413,424,431,816,85,284,304,208,68,401,63,350
428,545,526,618,399,496,143,356,198,529,59,8,192,228,854,570,763,10,293,268
429,427,432,477,413,431,424,48,306,278,284,68,537,601,426,168,434,741,283,208
430,438,664,322,819,730,505,170,807,275,840,403,621,423,321,101,410,143,694,671
431,477,99,299,93,413,344,729,65,559,625,298,524,313,527,234,108,439,179,263
432,427,383,429,286,326,816,400,534,151,202,692,537,372,310,68,270,477,612,597
433,280,370,576,418,343,294,217,312,774,150,301,421,277,435,191,528,328,239,195
434,397,477,4,341,65,729,299,413,597,145,679,675,93,431,874,344,103,168,346
435,294,312,280,217,774,418,528,370,421,245,328,433,150,343,467,576,486,301,213
436,484,534,247,330,263,625,517,299,313,590,293,445,600,496,719,90,338,874,60
437,873,398,425,355,507,505,417,22,11,99,894,752,535,394,186,179,209,52,761
438,101,244,143,82,307,120,621,823,47,179,149,99,510,807,524,170,664,11,527
439,108,263,120,179,457,99,45,544,204,534,527,65,492,484,196,141,344,748,82
440,455,9,30,277,445,79,16,343,889,234,124,90,142,13,223,301,781,377,498
441,472,329,885,515,664,535,209,475,730,117,892,317,352,44,92,5,408,507,101
442,86,50,868,87,424,158,180,443,757,273,88,105,283,85,472,303,174,29,655
443,303,86,892,209,105,253,784,376,472,680,461,442,771,36,535,813,663,50,271
444,410,525,511,172,726,253,482,146,67,406,395,126,141,176,52,771,322,275,99
445,625,223,440,136,330,142,90,494,277,30,455,614,13,9,889,382,79,16,341
446,448,447,87,303,105,29,50,379,167,158,690,261,442,771,443,86,461,88,36
447,448,446,379,29,87,50,167,303,875,105,86,483,872,416,261,88,868,771,443
448,447,446,379,87,86,875,29,88,483,690,868,57,303,592,261,167,50,596,552
449,801,195,774,856,213,230,382,324,94,116,615,110,454,381,312,492,13,455,468
450,478,532,388,812,371,474,316,841,202,470,312,409,528,200,78,801,269,177,150
451,877,171,551,669,256,617,629,530,674,879,257,737,800,662,647,565,262,115,780
452,317,40,403,870,524,326,306,885,103,501,537,197,477,93,96,120,286,816,118
453,135,222,479,218,783,523,266,316,111,338,401,124,2,383,29,350,458,270,427
454,252,492,625,517,110,142,614,330,196,230,226,366,195,763,116,534,155,223,445
455,440,234,323,90,223,277,30,506,9,79,17,614,16,745,445,889,484,142,330
456,38,279,572,842,133,653,592,875,591,868,552,563,817,724,629,623,753,86,158
457,108,45,120,439,204,544,320,66,357,481,746,748,82,344,179,196,534,244,293
458,659,470,500,124,266,269,177,421,33,267,150,331,343,338,280,479,755,382,2
459,76,619,543,241,62,385,600,392,327,242,163,20,137,152,541,185,869,263,691
460,53,597,436,35,383,234,299,711,48,431,266,293,719,347,729,757,232,65,523
461,212,205,376,283,315,260,180,181,248,362,607,829,39,337,443,50,209,784,183
462,240,14,120,96,263,508,73,45,675,299,681,494,439,723,398,82,369,350,90
463,76,385,897,543,704,62,577,399,618,496,887,706,374,545,396,325,544,241,619
464,344,874,501,244,469,96,108,681,369,65,93,850,349,408,431,524,313,457,114
465,216,420,140,831,669,632,132,361,311,684,238,858,662,565,800,760,551,571,814
466,366,323,228,70,196,484,155,898,110,468,258,204,356,527,293,697,559,320,336
467,774,370,217,528,277,213,294,421,280,13,435,382,312,615,301,418,150,433,245
468,258,366,196,466,155,697,404,302,323,110,247,228,70,192,336,356,854,522,206
469,344,114,827,263,484,481,179,93,65,99,439,867,17,529,323,742,336,749,255
470,421,150,528,343,370,331,576,280,312,812,277,382,418,377,13,217,211,294,458
471,228,898,320,481,336,746,323,375,143,529,295,843,281,225,676,70,293,850,17
472,209,892,548,441,44,535,784,5,885,184,84,398,352,730,747,723,11,186,664
473,395,536,559,141,112,299,194,278,439,534,230,476,544,145,67,518,75,108,345
474,150,409,421,280,343,659,418,269,60,433,328,312,435,294,277,33,217,371,370
475,423,441,472,5,664,730,210,184,892,120,44,209,885,535,11,438,82,163,723
476,544,366,196,336,697,194,518,827,357,221,206,559,439,492,854,457,204,302,823
477,413,431,403,398,168,67,427,65,299,93,410,179,397,434,524,120,141,284,741
478,450,856,528,312,532,470,774,371,801,841,812,195,388,106,277,213,191,239,436
479,500,520,659,266,124,188,372,222,458,494,331,343,799,377,135,590,136,440,341
480,243,219,534,816,286,612,326,63,270,68,305,426,383,108,27,120,3,40,202
481,484,898,255,344,17,16,204,494,90,745,529,323,293,325,70,320,867,375,366
482,101,52,67,307,99,606,170,752,873,179,511,244,11,10,314,438,403,749,215
483,86,303,680,158,88,689,87,51,667,875,164,50,813,443,376,379,741,166,594
484,481,65,466,323,155,544,614,898,366,293,90,344,745,517,867,325,436,330,263
485,484,155,17,323,455,898,781,614,223,745,18,90,16,79,481,492,544,506,889
486,812,435,280,294,371,312,328,370,774,217,25,528,801,388,470,245,150,418,213
487,716,737,740,629,551,780,849,698,733,256,565,773,794,530,585,41,768,637,682
488,733,691,852,773,734,577,367,846,678,770,732,685,768,637,569,683,705,720,849
489,11,403,524,508,833,873,210,126,255,120,413,352,885,99,317,101,477,535,179
490,564,760,72,592,594,603,859,665,661,551,115,703,572,623,311,693,279,832,451
491,275,582,632,430,335,100,791,505,361,730,322,512,98,92,22,355,821,101,11
492,196,366,454,155,302,763,867,534,330,108,90,544,263,18,323,148,223,192,676
493,278,194,230,252,439,360,454,6,226,513,196,625,449,476,110,544,112,176,522
494,372,16,889,90,17,481,520,136,445,341,223,18,30,625,484,534,781,440,614
495,295,287,670,570,102,170,293,221,8,307,746,143,353,356,854,160,697,320,545
496,545,399,258,293,336,436,228,281,302,516,70,108,10,247,307,492,544,466,192
497,271,174,19,85,757,310,679,309,253,0,56,601,612,306,741,416,197,431,298
498,201,801,388,331,440,200,455,625,445,195,277,25,517,343,328,454,269,46,857
499,194,112,101,559,250,697,345,67,141,556,476,204,519,278,244,439,395,823,168
500,479,377,267,659,222,124,458,372,331,421,338,494,755,266,470,520,269,150,33
501,870,244,464,524,96,646,117,521,40,507,344,408,208,284,681,391,101,403,741
502,326,338,534,692,267,440,222,286,796,193,590,313,445,783,341,729,625,74,71
503,602,831,126,619,385,62,76,20,887,32,462,73,179,554,327,369,512,149,251
504,507,176,210,284,99,179,873,398,827,317,462,469,369,67,125,120,843,408,744
505,664,11,403,210,101,425,92,179,21,120,355,556,535,163,67,885,417,507,321
506,223,455,381,30,372,79,440,189,382,16,796,343,889,781,90,70,211,445,323
507,873,101,126,894,317,408,398,504,664,524,284,172,426,11,99,67,761,52,870
508,66,255,462,120,163,843,524,11,96,99,681,126,233,521,47,179,489,14,263
509,218,453,105,158,135,87,303,479,757,50,523,111,350,427,35,460,304,153,442
510,120,66,82,163,438,101,11,508,179,321,55,99,403,255,54,873,457,47,92
511,314,713,761,482,873,752,52,22,275,11,894,410,507,21,664,126,679,67,606
512,723,321,831,179,120,101,126,11,403,82,398,209,472,582,163,20,819,602,423
513,625,45,517,342,534,439,240,544,202,867,326,675,494,196,612,194,492,796,142
514,546,507,68,283,248,741,166,884,680,197,426,337,253,39,83,348,894,164,232
515,885,415,664,741,117,352,761,408,403,679,11,37,646,524,101,507,441,253,126
516,323,155,313,378,302,867,366,228,70,234,110,466,281,455,440,247,711,763,496
517,226,614,4,599,625,484,675,544,454,330,263,142,234,781,436,590,155,223,534
518,519,559,323,226,544,898,6,141,366,476,336,827,17,93,466,194,746,344,697
519,518,17,898,93,559,120,65,114,250,67,179,146,749,263,6,141,484,99,439
520,494,479,889,341,9,372,90,30,534,799,440,874,783,729,223,523,462,500,124
521,524,508,11,233,501,96,255,208,163,870,120,369,403,384,843,344,885,681,462
522,196,258,366,468,404,155,323,110,230,18,142,223,274,544,484,492,454,614,476
523,266,520,124,188,350,338,267,470,234,479,372,200,222,458,264,440,500,590,211
524,664,255,403,163,11,99,65,741,126,508,344,179,244,431,237,168,101,408,120
525,141,75,67,439,194,559,99,544,52,65,93,606,114,130,556,298,346,431,469
526,545,307,302,295,320,854,192,670,746,529,47,428,204,8,143,570,108,356,228
527,65,293,225,529,559,366,823,867,196,466,250,108,344,330,323,439,484,163,93
528,217,280,277,435,774,370,150,312,294,467,418,328,421,470,382,13,433,301,213
529,293,527,481,344,225,323,898,204,47,320,185,545,492,90,867,70,676,336,228
530,780,794,637,702,770,662,698,864,685,803,367,581,849,876,837,569,716,773,737
531,589,190,115,648,588,804,661,814,644,564,767,57,594,574,690,88,842,282,875
532,312,528,280,217,576,470,371,150,370,191,343,294,857,433,388,331,25,774,812
533,708,635,809,541,289,822,488,639,770,890,798,869,896,678,137,765,569,660,276
534,108,544,874,341,783,625,492,796,90,196,326,436,372,17,612,93,202,494,65
535,209,92,352,472,317,11,507,403,885,179,210,505,99,730,664,524,873,208,398
536,141,559,75,823,580,247,496,473,206,525,258,545,65,600,854,143,130,299,763
537,51,400,816,63,270,286,326,237,432,427,68,40,183,283,452,870,27,208,337
538,765,878,883,539,569,276,853,720,567,846,890,129,822,173,541,876,678,639,759
539,765,878,720,538,883,862,678,879,569,803,567,541,853,674,876,137,276,822,635
540,389,558,789,882,651,673,654,627,811,871,709,785,751,113,762,759,584,890,839
541,720,878,765,639,896,595,869,539,569,853,635,549,803,637,144,822,890,581,137
542,849,144,754,794,788,702,685,637,547,720,639,549,852,716,541,864,803,581,896
543,62,619,385,20,76,602,887,704,32,618,179,263,163,242,185,149,691,255,481
544,476,827,534,196,484,230,366,4,457,517,867,194,492,614,439,330,93,562,108
545,399,496,185,526,293,268,143,428,295,527,356,529,108,618,192,8,307,163,492
546,348,884,248,39,283,337,741,208,197,424,270,405,219,870,68,655,646,362,514
547,581,788,754,702,144,876,714,720,367,888,549,803,810,569,896,794,732,542,541
548,472,892,184,885,352,297,521,515,11,403,5,84,186,524,209,870,109,44,727
549,754,852,732,639,541,896,144,547,577,701,788,720,542,700,768,849,12,803,702
550,669,41,718,672,256,665,216,565,653,140,593,262,760,171,740,551,858,583,571
551,669,565,256,737,879,780,140,487,451,877,698,257,674,617,585,171,837,858,705
552,592,724,216,311,875,115,818,594,72,667,653,279,753,772,717,760,690,57,589
553,564,721,661,693,623,358,824,650,575,594,817,279,865,703,859,171,760,831,282
554,831,824,512,472,602,784,138,821,877,892,582,126,5,178,797,619,329,441,385
555,248,741,348,337,563,557,405,253,183,604,546,151,679,203,283,560,197,622,39
556,67,101,168,403,141,505,11,163,82,425,477,120,417,117,321,606,244,723,209
557,248,253,39,197,337,771,83,283,203,741,555,601,68,514,405,680,663,679,546
558,789,882,751,584,389,333,793,673,651,709,540,890,354,127,871,785,654,739,759
559,250,823,141,93,75,65,366,527,344,562,330,196,518,466,155,145,194,431,854
560,563,56,248,555,416,212,405,497,253,283,167,309,741,151,174,607,271,50,557
561,603,594,451,817,115,859,80,171,875,279,311,842,564,72,552,669,665,760,657
562,155,6,599,559,196,330,226,93,366,544,65,250,484,867,614,194,223,17,16
563,546,405,283,607,248,337,50,362,868,424,219,39,848,741,655,212,260,560,151
564,115,661,703,594,553,693,650,358,859,171,879,760,623,257,490,589,72,575,279
565,629,760,171,551,662,140,256,737,837,879,41,731,647,617,674,877,585,530,128
566,238,420,80,308,669,633,34,690,831,472,115,877,808,632,684,249,800,548,77
567,129,173,876,878,879,853,569,539,367,720,256,15,778,276,865,538,702,716,733
568,831,800,582,662,602,851,420,138,691,877,760,586,512,126,171,465,565,695,707
569,878,876,733,367,129,678,883,581,778,773,647,720,731,846,276,538,814,716,770
570,295,221,495,356,8,697,854,353,102,545,336,526,192,228,143,307,670,320,287
571,617,858,853,806,171,879,733,800,672,876,790,662,669,648,129,814,256,703,647
572,817,665,58,832,171,629,623,760,648,814,41,583,490,565,262,737,834,131,586
573,788,714,547,144,888,754,764,542,896,581,810,639,539,883,720,290,803,876,862
574,644,814,419,648,531,631,660,276,451,804,699,767,256,358,129,594,662,879,588
575,693,650,703,358,865,15,661,657,879,778,171,159,838,173,832,539,817,822,853
576,433,343,280,312,150,370,418,294,421,217,191,435,470,528,239,124,277,774,331
577,852,685,637,488,702,770,896,733,691,581,698,803,773,367,768,732,549,716,849
578,698,851,530,837,803,800,637,794,864,581,780,702,577,805,647,770,662,712,705
579,392,152,76,62,638,445,148,382,506,229,385,630,193,619,106,374,60,231,327
580,854,141,258,823,763,75,492,559,206,196,250,307,697,194,10,466,366,476,439
581,702,547,876,780,569,864,367,803,878,577,637,888,815,896,685,541,853,647,720
582,831,512,20,32,687,730,602,11,543,149,163,179,321,787,126,22,606,438,417
583,262,665,737,41,585,837,647,716,565,662,629,864,256,171,128,487,551,672,698
584,789,333,751,673,558,890,127,882,793,389,651,354,776,769,739,642,886,708,871
585,837,737,778,617,583,876,647,171,780,551,698,565,140,806,879,716,567,487,256
586,648,282,171,661,767,703,832,650,575,662,693,814,564,760,834,879,594,665,647
587,776,533,890,785,762,389,759,354,182,871,895,811,844,882,869,541,639,649,896
588,531,648,589,644,804,814,261,594,863,875,767,279,190,311,574,657,115,817,158
589,115,282,531,648,644,842,564,834,662,653,594,171,661,760,72,623,814,279,875
590,338,266,614,599,343,372,517,60,222,841,440,436,692,341,234,381,781,743,534
591,875,863,133,699,552,753,216,877,860,724,633,795,588,115,667,669,717,690,456
592,552,724,311,115,594,72,216,772,279,753,490,653,760,818,859,825,875,834,589
593,216,550,140,262,41,669,696,565,583,629,837,805,58,718,665,851,760,672,171
594,703,564,760,817,115,648,808,311,171,669,859,592,72,693,358,575,832,279,842
595,896,541,637,137,577,720,803,702,581,639,685,852,549,539,635,794,878,547,765
596,868,87,880,279,86,97,88,260,861,563,592,29,362,829,881,721,825,167,772
597,65,64,53,534,85,494,484,397,48,383,436,625,874,431,202,299,7,520,234
598,173,865,838,567,810,759,788,131,129,419,144,764,159,290,814,649,785,890,182
599,330,4,200,226,17,675,562,341,517,841,136,6,874,93,590,625,729,223,397
600,625,313,263,436,145,65,534,445,439,719,330,7,440,527,234,874,341,783,484
601,612,68,284,326,197,122,757,63,202,67,310,816,278,309,870,27,243,534,69
602,831,385,543,619,687,20,821,691,62,76,512,179,887,257,824,521,800,11,582
603,561,451,80,564,490,72,817,594,832,665,115,171,58,358,859,279,623,669,262
604,337,348,197,183,537,741,283,400,39,51,212,816,122,37,452,24,829,248,205
605,834,665,672,550,171,256,718,262,41,653,594,760,703,832,724,617,58,842,571
606,10,307,141,143,163,321,393,399,621,130,403,8,482,65,527,439,299,723,67
607,212,283,405,563,248,39,622,461,180,546,424,829,205,209,337,376,604,50,348
608,611,298,148,599,562,638,226,341,194,616,518,6,223,93,517,17,625,155,7
609,624,772,825,830,880,564,690,592,57,190,115,359,311,594,552,335,80,596,260
610,885,82,11,37,120,209,403,101,66,535,99,329,505,723,5,730,425,556,345
611,608,616,599,613,434,777,614,341,226,194,6,841,562,638,136,4,729,93,298
612,68,426,197,601,534,305,202,63,326,243,816,219,3,310,480,286,193,165,306
613,608,787,611,395,67,887,93,102,307,519,518,314,729,287,194,299,148,114,559
614,223,142,136,517,484,196,781,455,79,590,18,544,155,445,366,481,330,745,440
615,774,312,13,328,294,277,94,217,370,467,324,301,195,435,528,418,382,343,213
616,777,611,608,76,388,338,269,534,202,801,590,841,243,371,201,383,193,341,62
617,778,647,879,171,256,569,877,129,876,662,737,733,703,858,837,585,567,731,257
618,545,10,399,428,148,149,496,621,529,492,20,185,8,225,228,704,526,527,192
619,385,62,543,20,602,76,327,263,242,638,831,32,231,148,66,459,687,179,704
620,223,116,889,330,614,142,763,18,454,445,110,79,366,196,70,277,200,492,517
621,10,307,293,149,438,807,185,143,65,670,163,399,313,120,606,529,527,101,545
622,741,208,405,122,309,278,601,337,219,424,27,197,123,202,248,67,85,286,103
623,279,721,817,760,564,553,877,661,653,115,171,617,795,699,451,665,879,128,589
624,609,825,772,830,311,335,80,190,821,57,260,98,724,564,690,592,36,656,669
625,445,330,454,534,517,234,313,600,142,263,90,223,599,7,494,341,4,874,440
626,875,657,699,115,690,161,653,561,311,877,859,724,171,216,669,279,72,594,589
627,785,890,776,759,389,871,845,762,882,182,764,354,844,756,654,540,751,811,789
628,195,454,625,116,445,599,449,801,517,382,343,312,200,614,217,330,142,191,94
629,565,256,760,837,487,171,530,737,652,140,41,647,716,451,662,877,617,262,583
630,392,62,76,619,579,152,385,127,231,543,616,498,751,458,777,331,374,470,789
631,678,879,705,257,674,171,551,770,877,256,530,569,662,691,488,565,800,731,760
632,831,140,821,687,551,34,808,760,257,420,795,669,602,361,132,216,699,92,72
633,669,699,594,877,216,717,760,115,420,795,308,690,652,684,589,256,629,552,171
634,297,352,413,117,761,11,741,83,98,885,209,44,813,515,186,727,477,833,403
635,765,876,878,809,853,639,770,541,896,539,852,533,822,367,720,137,869,581,702
636,32,20,147,10,618,149,580,8,621,527,141,823,787,307,148,582,101,75,559
637,803,577,852,770,698,691,733,685,530,815,702,488,864,794,581,569,720,716,732
638,148,492,223,79,142,196,330,366,614,18,445,155,455,517,454,116,763,323,225
639,765,896,701,541,788,890,144,113,720,878,853,846,871,822,654,635,549,803,539
640,629,716,251,864,737,583,760,530,773,41,256,691,572,565,702,837,740,780,171
641,291,179,210,125,92,833,410,508,120,535,11,663,84,165,403,885,99,66,426
642,333,584,839,127,1,785,649,845,354,789,739,751,890,793,846,558,173,673,769
643,656,791,866,216,772,311,552,603,58,825,572,669,653,140,592,490,115,645,550
644,814,648,767,589,276,173,662,879,282,661,129,865,834,594,419,574,131,790,693
645,880,881,825,552,592,786,772,861,818,866,279,735,603,311,643,724,653,875,594
646,870,741,408,208,391,117,727,501,816,68,352,398,270,350,197,515,109,885,39
647,837,617,876,569,662,129,864,171,733,731,778,367,780,581,790,716,879,878,869
648,814,767,661,693,879,586,575,644,282,594,531,589,171,367,569,876,865,662,817
649,144,785,419,290,890,642,276,810,788,639,895,173,765,129,838,759,1,354,883
650,693,575,865,358,91,661,703,15,173,722,879,838,171,657,419,564,728,822,769
651,882,389,673,776,789,751,354,333,584,811,759,739,762,756,558,890,844,540,654
652,629,653,565,760,171,262,623,451,669,877,256,633,662,699,308,617,665,834,795
653,760,115,834,623,171,589,652,262,216,665,565,552,41,72,594,592,140,817,724
654,113,890,871,639,389,751,651,776,673,789,540,882,759,558,756,333,845,627,354
655,23,68,816,546,270,151,829,167,111,316,286,283,305,273,180,424,219,243,135
656,717,795,825,265,115,772,216,420,592,311,552,753,669,633,818,643,308,632,451
657,15,575,650,693,159,832,91,865,173,859,594,703,129,817,567,838,358,879,814
658,244,214,369,204,255,457,101,170,746,524,664,179,108,438,210,671,749,320,47
659,755,177,150,33,458,500,421,269,528,479,277,474,743,470,377,343,222,2,372
660,804,678,879,276,733,846,129,173,569,878,822,883,488,731,257,734,635,533,769
661,693,865,879,650,575,648,767,564,131,817,358,15,282,569,872,814,876,703,173
662,171,647,879,814,282,530,565,617,834,794,256,864,853,837,569,800,173,716,731
663,253,209,410,679,317,125,477,210,507,885,413,126,741,408,179,172,92,535,489
664,317,524,505,101,11,671,403,515,126,120,730,21,507,179,67,410,885,92,210
665,832,171,817,262,583,703,41,662,256,834,572,837,760,617,551,565,585,737,647
666,176,395,771,819,422,125,410,52,172,194,477,322,444,253,67,544,141,504,99
667,216,724,552,875,717,690,592,57,483,86,633,818,115,311,190,594,591,561,653
668,169,131,864,220,581,583,547,567,790,647,665,842,569,888,530,780,617,702,714
669,551,140,216,256,451,877,699,171,594,262,800,571,633,674,420,617,808,705,550
670,295,143,349,356,160,495,307,526,221,899,621,47,170,8,293,529,749,545,570
671,664,126,284,101,11,214,255,163,524,244,210,819,469,92,321,179,168,507,730
672,858,256,737,571,171,888,565,662,716,129,41,617,834,794,806,567,583,669,814
673,789,890,651,751,389,584,776,882,844,333,756,811,759,793,558,845,354,182,838
674,879,539,778,693,617,256,678,567,257,569,551,565,15,451,661,800,737,878,831
675,226,599,17,263,517,4,234,729,462,455,889,330,341,625,397,440,30,494,534
676,293,70,185,108,196,228,90,378,384,481,492,223,320,47,225,281,529,366,898
677,686,772,359,279,490,592,623,552,825,868,881,115,721,609,461,564,442,104,589
678,878,822,734,569,846,773,488,765,539,720,173,733,853,778,660,276,876,691,731
679,314,741,408,117,515,253,413,477,415,398,67,507,434,663,403,37,752,352,524
680,741,679,166,164,83,158,727,646,546,186,348,802,253,105,761,514,337,483,248
681,369,96,108,47,462,120,313,508,843,318,344,244,163,676,263,341,73,534,494
682,849,754,685,716,530,815,852,702,794,577,876,351,803,637,367,487,732,780,683
683,732,768,794,773,733,852,488,702,849,685,577,173,367,716,815,846,637,12,858
684,699,795,631,669,594,760,633,674,592,877,140,420,115,216,551,132,808,632,257
685,577,852,770,815,637,702,488,794,367,896,581,849,530,569,803,698,683,542,732
686,724,652,653,552,802,633,216,760,677,735,592,164,699,483,680,834,875,456,133
687,787,831,602,20,339,582,32,821,543,11,619,632,385,403,512,800,257,101,179
688,86,483,724,592,802,448,868,552,818,689,717,633,88,216,667,680,174,653,164
689,51,88,86,483,174,87,303,29,434,158,271,151,376,741,209,248,604,427,537
690,57,699,875,115,552,633,594,531,592,589,36,667,753,880,724,297,311,808,238
691,488,705,852,637,770,734,698,577,367,773,720,678,733,137,822,794,707,569,541
692,372,338,534,269,590,202,381,625,502,222,60,326,440,330,193,796,312,659,343
693,650,575,661,15,865,879,358,173,648,674,728,564,703,822,817,769,657,282,539
694,322,406,275,507,170,671,126,819,761,215,873,840,713,664,214,55,482,101,52
695,577,637,691,530,685,705,367,770,171,662,800,256,648,716,565,569,740,852,718
696,805,837,140,41,583,737,585,262,672,665,128,593,888,669,551,858,647,565,617
697,854,302,356,206,336,221,258,466,468,366,476,570,559,287,141,102,323,307,75
698,803,770,852,794,637,691,577,705,530,539,578,685,702,367,257,581,876,716,635
699,877,669,690,795,279,633,256,674,623,594,684,875,808,551,617,171,140,760,257
700,846,701,290,849,720,852,773,809,173,488,793,584,770,678,639,732,549,635,871
701,639,846,700,720,734,765,878,549,488,852,541,751,290,678,113,822,890,673,773
702,581,794,367,803,716,876,864,547,780,577,733,773,685,720,530,637,569,754,852
703,171,575,650,358,834,564,617,594,693,665,817,879,661,760,648,778,279,832,662
704,618,543,399,20,293,529,385,62,570,148,843,619,336,225,545,353,185,887,325
705,691,257,488,770,800,852,698,171,808,577,617,773,734,256,637,733,662,551,879
706,325,422,481,469,827,293,176,336,143,495,484,179,399,867,544,353,99,287,375
707,770,822,137,798,539,276,878,691,855,678,635,765,853,637,488,879,367,800,720
708,533,584,809,333,890,127,751,822,798,846,793,738,886,488,789,289,660,701,776
709,789,793,558,882,389,673,651,751,584,127,333,354,540,890,871,762,776,811,759
710,577,1,683,488,685,732,768,712,637,773,549,852,864,803,702,733,815,794,896
711,323,234,455,466,897,850,719,484,516,65,70,344,293,527,247,481,440,431,225
712,794,732,864,702,803,683,637,740,815,530,685,852,716,577,773,581,698,718,578
713,873,752,52,507,408,511,215,117,314,415,11,894,398,186,679,482,761,101,501
714,788,547,144,573,581,702,883,876,542,649,754,567,569,810,129,764,878,290,720
715,395,345,726,408,405,232,299,679,52,67,117,314,873,126,278,160,850,101,499
716,773,487,849,733,768,702,794,367,737,569,803,567,637,864,852,876,577,720,647
717,656,216,552,633,667,115,669,420,699,877,795,592,818,724,86,265,753,308,684
718,740,256,41,737,858,768,716,683,487,672,685,577,834,565,550,171,262,682,712
719,436,711,527,534,625,330,106,897,65,247,223,600,234,110,455,506,867,313,440
720,367,878,539,541,846,849,290,765,853,173,852,639,788,569,794,803,773,770,701
721,623,553,279,564,722,703,650,661,859,817,358,575,693,594,865,872,171,665,832
722,865,650,838,575,661,728,182,872,15,358,693,721,738,91,159,703,756,759,567
723,321,120,179,126,82,67,168,163,462,11,403,66,512,870,398,369,108,209,299
724,592,552,216,311,594,875,667,760,115,279,72,653,834,753,589,859,825,665,140
725,328,142,324,781,277,301,418,528,18,223,774,373,294,13,200,435,889,615,245
726,126,410,101,507,415,67,406,664,253,515,873,352,172,894,403,117,741,679,317
727,646,166,352,515,741,209,870,117,297,42,680,679,109,408,548,186,761,885,797
728,738,182,584,15,693,650,333,575,159,769,354,289,844,890,91,838,751,822,722
729,234,341,17,313,675,344,599,431,494,440,299,783,65,16,397,90,898,520,93
730,11,664,209,21,37,403,101,885,92,179,321,535,214,723,524,833,438,472,391
731,790,129,733,569,647,876,778,173,488,678,276,617,367,171,853,773,879,565,691
732,852,683,794,803,733,488,549,849,754,637,577,768,773,639,702,547,367,685,700
733,569,488,367,768,876,129,716,773,846,173,778,790,731,849,702,637,732,852,290
734,678,488,822,701,691,846,720,878,852,773,770,137,569,173,733,367,778,541,700
735,736,140,817,592,315,72,665,552,760,653,623,724,629,594,128,41,490,661,872
736,140,735,41,860,617,858,872,790,128,778,647,565,585,731,262,760,629,129,669
737,487,716,780,256,367,551,585,794,567,565,617,876,702,583,778,879,530,128,858
738,728,333,584,289,751,769,822,708,173,650,673,15,739,890,793,838,91,844,693
739,762,354,333,845,776,651,389,882,759,673,890,584,756,789,751,811,182,785,839
740,718,487,858,41,716,768,733,737,731,773,794,565,683,702,488,691,577,712,682
741,679,524,248,253,646,515,337,208,168,870,403,413,352,680,408,477,39,761,83
742,867,6,155,226,344,263,469,120,17,562,223,527,330,599,748,675,93,484,313
743,796,338,372,745,659,590,33,267,189,381,382,781,269,500,193,614,433,223,692
744,179,214,255,344,843,746,457,484,357,108,439,65,524,66,163,120,293,681,210
745,481,484,781,455,223,614,743,494,889,142,440,277,155,9,30,16,325,70,18
746,898,204,108,357,457,481,323,320,228,466,439,526,344,293,484,529,255,545,120
747,892,797,84,885,209,462,472,380,784,408,125,329,109,391,153,5,73,398,117
748,484,120,66,263,481,457,330,274,898,439,827,544,179,867,344,17,108,4,431
749,114,854,250,323,898,469,366,466,204,519,65,228,746,344,356,518,101,263,670
750,561,87,376,483,58,158,461,592,594,260,603,724,283,51,50,212,817,203,311
751,789,354,584,673,882,890,558,776,389,333,651,793,182,756,844,759,871,779,845
752,408,713,314,52,398,391,873,482,507,741,117,679,42,511,894,99,101,22,166
753,592,115,552,760,724,190,653,72,589,133,656,690,633,57,699,591,531,265,216
754,547,549,702,768,732,803,849,542,852,794,682,720,716,581,12,637,815,144,733
755,177,659,500,458,421,782,269,150,470,725,479,222,528,377,338,124,2,331,781
756,844,776,182,890,759,673,838,354,751,651,845,882,762,739,389,584,333,764,811
757,85,310,306,350,181,99,601,270,870,612,208,68,816,202,783,299,431,427,197
758,708,739,533,162,809,276,541,871,538,333,1,769,846,289,890,488,354,869,878
759,890,776,756,762,811,354,785,844,182,882,673,845,838,651,333,739,389,627,751
760,171,565,629,879,594,41,834,256,115,662,617,140,72,564,623,257,661,665,703
761,352,515,507,894,741,664,275,511,83,398,253,126,11,21,44,166,833,408,92
762,776,389,739,759,354,811,890,845,651,844,333,673,785,182,756,882,751,627,789
763,492,196,110,252,323,330,223,366,466,454,258,320,206,313,580,228,559,625,439
764,838,890,182,844,759,788,756,673,627,776,762,598,639,845,144,290,785,895,810
765,878,538,883,539,639,822,541,720,635,869,290,890,846,678,569,701,788,853,276
766,792,622,405,848,555,212,607,348,497,416,337,253,56,283,271,412,363,546,835
767,648,814,661,865,173,832,131,644,693,569,826,769,650,879,15,91,853,817,276
768,733,773,716,849,488,683,754,852,173,577,732,367,846,129,794,702,740,720,567
769,91,173,419,838,584,290,15,890,862,865,333,182,159,693,846,289,751,720,822
770,852,137,637,698,707,685,691,720,488,367,577,569,822,530,773,878,705,849,635
771,253,125,741,68,197,410,210,248,172,284,67,612,83,507,337,179,761,819,422
772,825,592,311,552,795,656,490,609,190,724,279,115,623,594,572,760,359,861,216
773,716,849,488,768,846,733,569,852,678,720,702,794,367,683,770,878,691,803,577
774,217,294,213,370,435,467,312,528,324,280,277,382,433,801,615,328,343,191,245
775,195,801,116,454,449,615,486,328,382,498,774,628,370,294,312,343,324,217,13
776,182,354,756,762,759,890,651,389,845,844,751,673,811,785,739,333,882,789,838
777,616,60,608,638,625,600,611,445,385,62,193,76,534,517,202,230,513,454,619
778,617,569,879,129,733,853,876,878,790,678,567,720,674,731,865,575,647,173,539
779,354,751,890,182,389,839,776,789,785,882,845,756,651,739,811,871,762,627,759
780,581,530,702,876,737,569,647,551,487,803,367,716,837,585,864,637,794,539,879
781,725,223,142,614,13,745,277,195,18,440,9,494,324,517,136,79,455,155,189
782,659,150,755,33,222,458,500,421,799,440,124,338,269,725,331,781,377,280,201
783,534,313,729,520,599,675,165,341,222,338,4,240,494,502,384,242,870,625,431
784,892,209,472,5,747,723,126,797,813,240,352,184,512,535,398,37,82,391,441
785,890,354,759,389,845,776,839,627,811,762,789,182,649,882,871,751,895,333,673
786,861,818,645,880,279,825,97,881,552,891,592,596,859,311,772,875,603,724,623
787,687,20,519,32,339,93,67,65,179,525,613,141,559,608,831,101,749,250,518
788,144,547,639,720,890,714,765,810,878,290,573,764,173,853,541,849,549,542,883
789,751,558,584,673,793,389,882,651,333,890,354,709,871,776,127,785,540,845,739
790,129,731,733,276,778,569,647,876,617,858,173,567,806,290,853,256,571,637,683
791,140,507,632,275,34,92,535,669,322,512,72,643,813,873,819,132,355,216,317
792,766,622,219,405,345,56,278,563,112,232,497,424,607,122,546,348,48,383,212
793,789,333,127,584,673,558,751,709,890,882,389,354,776,700,844,871,651,785,759
794,803,702,732,716,530,698,720,849,852,773,367,683,685,637,864,712,737,662,542
795,877,699,623,760,115,279,684,656,551,308,669,451,772,633,238,140,594,138,257
796,534,3,743,193,889,440,506,16,142,372,223,71,267,502,692,612,338,196,60
797,153,329,747,892,380,84,462,240,870,408,885,209,73,646,233,14,125,369,42
798,707,708,822,533,137,660,770,488,734,691,276,419,678,878,635,809,705,765,127
799,223,889,520,440,9,781,341,445,745,494,372,200,60,874,142,479,455,277,377
800,257,705,877,171,662,617,831,770,837,698,637,571,674,647,669,691,879,539,707
801,195,774,201,449,312,388,213,371,217,498,382,486,334,280,812,324,294,370,343
802,680,443,483,376,303,186,166,83,158,164,50,86,813,688,105,741,761,868,414
803,794,864,637,702,698,581,732,720,539,849,716,852,639,773,577,754,541,530,569
804,660,879,648,814,531,767,276,173,661,650,571,91,644,588,707,865,855,853,822
805,696,837,888,262,794,672,617,585,858,583,803,737,662,855,647,864,698,578,41
806,876,853,276,129,790,367,567,144,571,569,702,173,647,731,810,733,814,864,581
807,102,307,170,621,143,295,438,287,8,854,670,149,899,198,65,356,293,823,250
808,257,594,705,800,171,669,551,699,837,420,877,760,564,855,565,831,662,698,262
809,635,708,533,869,700,770,822,488,639,765,852,137,846,701,878,541,720,289,734
810,173,129,144,853,788,276,290,890,12,547,639,765,720,838,733,759,649,806,567
811,759,762,776,673,354,890,651,389,785,845,739,182,756,844,751,789,333,839,882
812,371,486,388,280,312,470,331,217,435,528,801,201,857,370,576,25,150,418,421
813,209,761,784,352,166,472,408,892,319,126,125,44,507,297,727,117,42,186,747
814,648,767,276,865,569,129,876,662,173,131,567,644,849,832,853,879,144,817,661
815,685,637,581,852,702,803,698,577,683,794,682,732,530,770,367,547,780,849,542
816,270,68,400,243,286,305,197,3,326,237,612,480,870,401,383,534,426,350,40
817,832,171,661,665,358,865,575,572,693,594,703,879,842,814,256,623,650,737,859
818,552,592,880,825,875,786,724,311,656,279,717,667,861,772,115,265,190,216,645
819,322,210,172,101,664,507,125,126,321,671,67,423,179,410,99,505,482,355,176
820,295,570,143,471,495,102,8,670,349,393,160,496,47,198,293,228,287,399,281
821,831,602,687,632,20,352,808,512,11,669,126,824,833,472,37,209,730,403,582
822,678,765,878,707,289,734,770,137,569,639,367,276,539,720,853,635,890,541,846
823,559,250,854,366,527,196,75,356,492,204,192,302,141,293,466,580,438,65,336
824,831,385,76,553,554,512,602,619,877,623,125,138,62,257,821,674,240,687,629
825,772,656,592,311,861,724,552,818,115,795,624,609,564,260,859,623,279,190,216
826,853,173,15,865,879,567,488,131,276,367,838,733,767,12,693,129,575,650,569
827,544,469,17,336,481,344,330,93,748,176,234,263,867,476,484,323,439,274,90
828,131,647,12,665,832,583,865,864,862,853,144,662,129,837,814,803,810,173,567
829,180,283,655,24,212,23,167,270,362,424,151,248,286,400,604,546,50,181,816
830,609,624,772,825,190,592,861,724,868,311,818,880,57,552,795,279,97,564,115
831,602,687,512,821,824,800,691,385,257,582,674,760,171,877,554,632,451,20,662
832,817,665,865,767,171,575,814,879,15,693,657,650,572,661,131,358,662,256,594
833,126,11,179,524,99,489,92,508,37,664,730,101,210,507,398,413,209,403,352
834,703,171,662,760,282,665,617,41,653,589,858,256,879,672,648,594,262,832,644
835,560,555,766,97,563,861,868,750,260,592,376,315,607,848,735,50,860,724,348
836,848,563,868,596,49,881,29,442,560,607,167,97,623,104,766,86,180,555,260
837,647,171,585,629,864,565,617,530,662,128,780,805,737,583,778,800,803,698,665
838,182,844,865,173,759,756,764,890,845,776,91,673,131,769,333,159,129,853,354
839,785,354,389,779,751,642,882,739,333,890,789,845,762,811,584,558,776,673,651
840,730,671,438,352,214,126,54,321,21,507,664,92,524,163,347,210,233,535,284
841,599,200,590,7,341,517,195,6,498,330,201,226,857,312,373,60,343,136,801
842,817,589,256,594,115,760,648,665,171,879,661,451,623,834,617,832,104,662,703
843,508,481,375,681,369,344,90,898,17,524,108,65,494,120,255,469,114,163,744
844,756,182,838,776,890,673,759,333,762,751,354,882,764,651,871,845,639,389,765
845,776,354,890,739,785,759,673,762,838,389,333,756,182,811,751,844,789,882,651
846,290,720,773,733,849,678,700,701,488,569,173,765,878,639,883,734,852,538,822
847,360,614,517,226,675,518,45,625,494,298,30,17,745,142,194,112,18,6,4
848,50,563,868,442,283,212,348,607,416,424,362,167,273,151,180,337,622,546,757
849,773,716,720,768,846,852,733,794,290,803,569,732,542,488,770,700,367,173,702
850,90,898,114,349,293,344,234,481,729,711,466,299,469,323,255,263,431,484,336
851,578,637,712,794,800,530,702,577,698,803,662,740,864,568,685,695,705,691,837
852,577,770,488,732,637,685,849,773,720,691,698,367,549,794,733,803,702,683,768
853,173,878,826,720,879,876,129,538,567,810,569,733,639,778,765,539,276,635,678
854,221,697,823,356,307,580,302,559,336,287,295,250,749,143,899,75,526,570,366
855,707,367,858,876,551,806,778,879,617,635,733,800,770,705,647,691,853,257,669
856,449,801,381,213,382,774,312,195,470,175,211,370,615,217,343,528,628,467,436
857,331,200,812,201,498,328,371,576,46,470,532,343,277,388,269,177,841,195,387
858,672,617,740,733,790,737,571,778,876,794,129,367,855,683,637,731,879,256,806
859,564,594,817,657,15,358,279,650,661,693,703,665,879,567,553,832,72,575,623
860,140,41,216,736,128,724,629,565,551,863,72,592,583,623,647,572,653,760,669
861,279,786,97,825,880,623,772,859,721,818,881,724,596,592,645,868,552,311,875
862,539,883,865,765,769,159,15,853,575,173,878,538,650,182,838,661,879,814,720
863,133,591,588,860,572,648,140,216,699,795,41,633,551,669,158,261,877,662,589
864,803,581,702,647,637,794,530,716,837,171,888,662,569,876,577,698,144,780,547
865,131,173,838,661,15,650,693,159,575,814,826,767,722,862,853,879,567,91,778
866,656,643,216,669,653,420,645,603,552,238,115,592,311,717,633,632,138,551,132
867,366,742,492,155,484,527,344,196,325,544,481,323,263,562,516,336,466,70,90
868,86,260,596,442,88,563,279,592,87,848,623,564,115,50,97,29,880,552,594
869,765,878,541,720,809,539,647,635,639,822,276,569,533,853,678,838,129,876,617
870,646,208,197,306,68,426,501,350,398,63,874,816,284,427,534,240,270,884,741
871,882,890,789,673,639,751,389,333,654,182,627,776,844,785,584,354,651,558,759
872,865,661,131,91,650,575,693,173,722,838,129,703,790,15,778,290,728,358,767
873,507,126,11,713,101,894,275,92,398,99,489,179,210,508,469,408,752,55,482
874,93,534,341,330,313,65,599,344,326,17,223,625,90,520,108,73,372,185,263
875,552,279,724,115,699,626,690,589,667,591,592,653,561,594,623,216,588,57,818
876,367,569,733,581,647,878,567,702,173,853,780,547,806,635,778,720,129,883,731
877,617,451,171,795,800,256,699,138,669,257,551,662,565,879,308,623,760,705,674
878,765,569,538,883,539,720,678,853,541,876,367,822,567,581,290,129,639,846,276
879,778,617,661,693,256,853,567,674,569,539,878,826,129,865,551,367,575,662,257
880,279,881,552,818,861,645,690,592,596,875,721,311,594,564,772,825,359,623,859
881,880,279,875,552,645,592,623,861,653,818,596,721,594,115,772,825,735,690,563
882,651,389,558,751,789,673,871,333,584,759,739,776,354,890,793,540,756,844,785
883,765,878,538,569,539,862,846,876,290,720,853,129,639,567,276,678,788,733,581
884,197,426,306,68,546,284,870,39,337,122,208,270,11,348,816,40,398,427,507
885,403,117,610,37,515,209,120,11,329,82,664,730,96,109,472,441,408,317,535
886,333,890,584,354,389,776,845,762,739,751,789,708,673,793,558,756,651,785,728
887,20,543,385,149,313,65,263,130,293,681,102,281,850,763,114,602,90,323,344
888,581,547,702,803,864,794,737,530,672,754,876,780,806,837,805,585,567,542,698
889,223,30,494,440,341,18,4,520,9,142,17,79,455,277,16,372,136,445,799
890,759,673,182,776,354,756,751,844,785,845,789,584,762,333,389,838,811,871,793
891,880,603,645,786,818,552,566,626,561,57,825,690,866,875,376,311,36,592,80
892,472,784,209,747,548,84,797,184,240,352,885,870,535,63,5,391,125,329,403
893,523,344,325,743,267,745,874,350,799,95,284,189,71,436,375,590,234,601,481
894,507,873,398,761,92,126,394,426,83,11,408,713,39,870,752,166,741,22,101
895,785,890,759,182,776,756,762,354,389,844,649,811,673,333,882,113,627,839,639
896,639,595,541,577,581,853,685,635,144,549,803,765,852,878,547,539,637,720,788
897,225,374,90,711,9,344,440,719,527,455,506,323,281,79,481,65,223,70,136
898,204,746,481,17,90,366,484,18,108,466,323,155,228,293,120,70,529,16,850
899,287,59,854,221,670,307,102,228,356,250,170,320,807,466,336,749,823,143,621
