0,757,601,497,85,271,306,612,597,434,278,309,477,202,285,197,174,427,870,240
1,642,127,649,541,890,789,785,639,333,708,584,793,762,290,700,276,845,846,533
2,150,458,124,421,222,470,500,659,277,528,33,343,9,370,177,377,280,387,294
3,237,796,816,612,111,326,400,96,494,120,286,68,534,193,372,27,748,462,14
4,599,517,889,675,625,330,614,226,341,544,17,494,534,93,484,263,165,6,562
5,472,249,723,797,209,184,885,784,181,43,610,80,892,535,730,84,233,475,321
6,226,562,93,194,599,518,146,4,544,519,360,274,534,559,484,67,517,612,298
7,234,263,625,517,341,455,590,841,445,313,247,381,781,226,874,534,520,165,65
8,295,143,307,198,570,356,10,526,399,545,854,527,495,697,670,496,149,47,221
9,440,277,377,30,455,189,343,312,79,445,267,372,799,338,520,498,781,223,500
10,307,606,621,47,439,143,399,545,8,618,263,228,149,496,141,321,580,163,293
11,403,101,884,398,524,317,126,664,730,120,255,179,40,117,489,168,408,92,873
12,173,569,733,702,810,826,129,794,131,852,849,768,853,716,838,878,883,769,367
13,277,217,467,312,301,528,418,615,195,294,370,774,328,382,440,213,435,381,445
14,96,462,237,508,494,84,874,344,385,17,748,675,263,120,369,255,341,90,73
15,865,657,693,173,826,567,650,159,276,575,862,674,91,728,661,838,129,539,769
16,223,494,17,18,481,455,344,204,255,196,796,155,440,90,142,136,30,45,889
17,344,494,16,65,330,742,599,481,827,90,341,519,455,675,898,263,223,889,255
18,223,142,16,725,196,494,366,17,898,30,155,323,889,70,226,455,614,492,79
19,497,271,174,816,85,309,310,416,757,298,400,285,69,601,151,123,197,78,689
20,32,149,120,621,403,385,101,438,519,619,163,65,527,11,439,543,66,250,17
21,730,92,524,403,209,664,179,11,391,54,22,408,99,425,505,39,101,413,885
22,11,21,894,752,873,730,101,275,425,761,55,505,437,352,403,511,417,840,482
23,655,383,401,286,151,68,273,270,243,816,424,612,167,432,283,202,269,180,400
24,829,205,604,283,212,461,180,39,441,63,376,181,400,248,209,515,68,548,197
25,46,334,294,328,486,388,312,331,812,371,418,201,528,280,370,435,217,301,801
26,252,454,614,373,517,142,599,4,136,625,628,544,330,226,360,195,312,202,534
27,326,286,601,63,400,816,197,870,73,432,74,240,122,202,68,364,612,401,93
28,237,255,14,385,874,233,508,3,462,96,66,494,344,242,17,120,326,521,84
29,167,379,316,88,86,453,151,180,655,51,303,442,109,270,424,892,273,135,187
30,440,79,445,223,455,277,9,889,418,90,142,189,70,781,498,494,18,614,16
31,158,443,892,548,86,877,238,303,472,105,784,291,138,347,870,410,233,442,669
32,20,438,149,307,823,439,101,621,168,636,527,99,244,10,82,749,519,250,11
33,277,421,343,150,280,659,124,294,60,774,458,269,217,338,312,433,418,440,500
34,205,209,784,260,472,610,80,352,420,813,5,831,632,551,44,249,461,37,140
35,757,85,646,424,68,741,427,158,870,408,208,401,54,391,48,270,286,306,103
36,57,86,181,443,690,88,87,180,297,80,472,238,548,51,376,442,892,461,29
37,403,117,885,391,515,730,741,524,209,11,398,408,317,337,723,452,664,123,477
38,456,572,483,724,592,552,842,605,868,591,158,802,107,643,875,86,688,190,656
39,884,337,197,209,248,741,761,426,546,283,253,894,646,405,68,870,122,348,166
40,179,68,317,255,524,664,426,508,120,11,92,237,413,885,816,126,403,270,477
41,262,256,760,665,617,171,583,662,140,834,672,737,740,565,487,731,128,551,629
42,186,546,408,166,646,797,209,39,894,283,752,117,870,398,761,125,472,348,884
43,184,5,242,66,163,321,548,723,892,730,11,472,508,255,120,512,84,233,181
44,472,209,362,761,352,283,741,98,548,813,441,730,535,885,117,515,297,833,391
45,457,108,196,204,439,344,462,492,16,544,263,90,494,179,527,366,357,748,466
46,25,331,388,576,294,201,328,312,334,418,812,486,280,371,857,343,528,370,435
47,349,10,143,318,293,307,529,681,526,676,108,55,670,120,384,438,746,508,393
48,284,597,427,68,309,299,870,741,601,278,431,63,477,240,429,251,504,304,108
49,829,288,362,80,472,134,5,180,607,461,442,283,86,260,405,181,376,50,443
50,283,87,167,442,51,376,741,362,248,180,848,680,105,337,303,443,607,309,483
51,283,427,537,741,306,400,197,870,270,309,248,85,434,747,337,432,657,183,151
52,99,482,713,215,395,752,67,314,408,507,525,126,101,172,431,477,410,524,679
53,597,64,346,600,397,65,383,431,202,427,299,783,477,114,460,232,93,757,432
54,403,870,163,21,11,208,524,723,321,347,797,508,233,299,82,68,67,369,408
55,47,11,670,723,508,873,255,369,398,40,179,349,521,671,510,621,501,120,92
56,197,816,283,400,348,432,63,309,219,248,286,69,337,612,310,27,253,237,305
57,36,690,190,592,552,115,531,311,86,594,724,667,753,564,875,216,633,87,80
58,665,572,832,817,311,171,662,629,623,551,594,760,877,583,834,262,308,795,405
59,356,336,228,899,854,221,378,323,192,466,293,320,325,287,102,670,468,70,225
60,269,193,330,343,33,189,455,599,200,372,625,326,445,223,78,202,799,517,590
61,769,161,553,187,91,15,862,619,831,687,586,575,650,85,824,647,103,159,309
62,385,619,76,543,517,327,263,440,79,234,338,590,675,455,90,481,330,638,602
63,68,424,870,286,400,197,240,27,401,85,612,601,306,243,283,427,432,816,426
64,202,145,165,93,597,397,534,53,874,103,383,517,346,330,599,625,612,60,299
65,93,527,344,250,114,484,17,293,313,524,534,874,559,403,597,562,341,73,519
66,120,82,508,163,510,748,255,11,263,457,179,439,384,237,426,438,321,99,723
67,93,477,99,73,519,410,82,601,403,426,194,114,284,263,179,612,870,299,145
68,816,197,612,870,310,63,286,601,179,426,284,125,270,884,40,208,69,534,477
69,426,68,197,816,310,99,601,612,504,400,63,122,179,431,270,306,884,427,284
70,228,281,466,225,378,79,293,323,481,204,223,529,366,30,155,898,336,320,676
71,344,534,189,494,372,90,874,889,234,326,614,440,223,481,445,484,222,263,338
72,760,115,140,594,552,564,311,592,216,589,128,665,171,257,834,859,490,661,837
73,462,874,93,67,870,65,326,299,27,391,165,17,675,313,240,96,179,341,82
74,326,306,197,816,96,93,237,27,612,675,874,870,208,263,103,299,286,73,305
75,559,250,854,823,194,518,93,141,580,697,258,404,525,206,65,356,466,323,366
76,385,62,619,543,590,338,534,783,392,520,401,494,240,266,165,135,341,193,675
77,566,5,475,107,472,784,249,184,209,548,892,34,505,80,43,423,44,355,92
78,202,243,269,60,342,783,193,383,612,200,743,338,266,64,240,326,534,371,316
79,440,30,455,614,142,70,277,889,506,343,223,323,281,445,9,781,378,225,195
80,472,260,5,249,209,238,205,138,603,564,181,885,283,831,180,817,461,594,548
81,273,135,51,151,286,153,167,109,400,270,401,118,870,397,181,427,85,816,145
82,66,120,99,67,321,462,329,179,417,723,438,101,426,96,122,610,244,73,885
83,741,253,337,410,761,515,663,166,679,680,507,408,317,894,833,413,634,348,117
84,14,472,237,892,885,270,153,797,747,181,240,462,870,816,179,401,408,68,3
85,757,202,427,401,310,309,870,63,197,597,273,306,497,434,874,424,68,35,432
86,443,115,88,303,442,868,483,29,36,379,87,238,784,633,564,472,174,589,689
87,446,50,442,51,105,362,376,158,86,88,359,311,868,483,303,657,448,283,447
88,86,689,29,158,87,303,531,91,483,379,650,442,174,51,868,548,564,273,424
89,885,524,66,92,209,11,179,120,82,210,96,178,505,99,255,244,664,438,253
90,445,455,481,440,17,344,30,375,484,494,71,898,263,16,223,492,676,330,850
91,650,769,838,865,15,129,159,767,657,872,276,173,660,419,728,358,575,790,862
92,179,40,21,11,126,730,535,894,873,210,284,209,524,172,505,275,507,398,317
93,874,65,67,330,519,326,534,431,599,6,313,346,477,145,675,73,114,194,341
94,191,239,615,217,312,774,294,195,435,433,370,13,576,213,324,328,301,334,343
95,9,30,745,189,481,375,484,889,799,17,743,898,223,599,485,155,274,71,344
96,14,237,462,369,120,524,675,408,74,681,17,344,244,508,82,117,501,3,73
97,861,607,212,376,868,848,279,880,596,829,881,461,721,555,563,80,825,623,859
98,761,410,352,741,37,663,297,253,664,183,209,44,515,317,634,472,205,319,83
99,179,439,426,67,431,82,524,263,462,408,101,519,612,52,120,93,398,69,310
100,275,98,205,209,412,34,37,761,511,21,39,319,730,472,784,117,726,140,610
101,11,507,244,482,99,664,438,82,20,873,403,126,67,120,524,179,819,417,426
102,287,307,807,293,899,65,143,295,850,527,336,320,356,466,323,299,495,114,281
103,326,434,400,197,601,286,145,64,74,452,202,68,870,397,93,85,816,874,364
104,842,424,661,564,623,169,767,553,832,273,451,115,589,282,622,814,648,817,358
105,158,303,741,416,87,757,261,306,680,85,443,50,35,424,589,814,161,218,442
106,312,470,211,343,445,264,277,381,60,719,234,213,195,774,191,382,440,801,625
107,134,784,443,205,77,288,376,44,34,472,461,442,283,656,561,100,607,186,868
108,534,293,457,439,45,204,898,746,179,344,527,544,263,313,65,462,120,244,494
109,341,400,885,646,296,816,310,783,118,270,870,747,599,197,391,165,286,243,537
110,258,763,196,230,454,466,323,492,116,252,142,468,366,620,496,527,225,148,302
111,350,3,96,870,208,270,462,383,40,843,14,816,494,68,521,240,398,71,369
112,194,298,345,395,499,360,123,108,67,99,82,101,612,209,534,559,431,278,305
113,654,639,751,890,882,789,701,541,765,558,673,776,871,584,540,793,182,389,896
114,65,93,469,519,67,850,729,168,431,524,477,299,99,344,874,403,597,179,250
115,589,564,86,531,552,594,72,795,311,875,216,877,760,592,443,623,279,859,699
116,620,110,343,79,312,382,774,801,247,763,435,328,230,324,223,498,492,148,638
117,885,408,646,37,515,11,186,209,96,870,391,477,679,317,398,329,741,82,413
118,452,109,237,427,524,96,870,432,400,431,874,397,401,326,51,341,197,520,306
119,252,625,330,223,763,874,75,145,506,378,6,559,614,93,194,30,136,26,313
120,66,82,439,255,163,462,263,179,748,96,426,384,457,344,11,17,99,20,481
121,642,533,890,758,809,333,845,844,762,869,739,1,759,839,751,776,785,789,289
122,284,601,426,197,408,816,82,27,612,99,398,884,67,68,870,477,69,306,40
123,298,93,202,431,37,65,391,114,305,145,67,99,675,64,296,309,599,194,622
124,343,188,421,576,150,458,440,267,266,387,33,370,500,433,418,338,280,277,222
125,68,408,284,612,507,197,248,63,172,870,369,413,771,179,210,317,410,477,126
126,507,11,723,671,873,398,664,833,92,284,101,40,317,524,477,99,403,209,82
127,793,584,789,642,709,751,558,785,890,333,354,845,389,673,708,776,882,700,1
128,837,647,617,737,140,72,583,551,760,171,665,879,41,565,451,623,585,780,262
129,276,790,173,567,569,131,810,733,647,865,731,838,814,883,876,853,290,826,878
130,313,621,887,293,469,93,399,114,299,525,65,344,763,606,307,263,403,874,67
131,865,129,838,173,569,814,661,647,567,767,826,876,12,282,769,733,879,853,832
132,594,760,741,83,831,41,161,699,115,311,158,669,408,795,877,164,859,657,813
133,863,591,216,633,648,115,552,171,877,589,760,669,531,594,279,753,699,31,703
134,442,443,86,607,747,283,107,376,868,49,472,50,784,36,181,362,848,51,80
135,270,479,338,68,500,269,401,816,397,590,222,310,193,286,78,372,383,520,85
136,372,614,223,599,445,330,494,455,189,440,781,16,341,4,79,625,377,142,364
137,770,707,822,637,691,539,852,635,595,541,734,809,878,896,577,765,639,533,678
138,238,877,831,800,80,784,420,870,5,472,209,797,126,117,233,795,747,181,760
139,221,353,854,170,476,204,457,402,697,495,570,823,482,658,670,438,287,244,336
140,551,72,669,216,760,565,256,860,128,41,665,736,617,837,275,817,674,585,737
141,559,250,75,527,580,518,65,606,439,93,194,697,854,403,823,206,67,534,519
142,614,223,725,18,79,277,301,445,454,196,440,328,155,30,418,195,433,455,494
143,295,293,307,8,670,545,527,185,47,10,102,606,399,807,287,163,149,438,198
144,788,810,639,714,896,547,878,649,367,549,569,541,803,849,542,276,720,765,539
145,330,64,534,93,625,193,364,326,202,263,599,874,67,600,675,4,103,60,341
146,6,519,67,518,274,612,93,599,114,729,176,226,748,194,99,426,165,469,410
147,149,198,636,8,618,621,10,580,258,20,321,428,75,32,206,192,141,399,823
148,366,492,638,763,155,70,225,247,196,336,378,110,323,466,116,192,454,228,529
149,20,621,527,438,32,143,65,307,66,807,10,670,163,170,439,120,545,399,321
150,421,280,343,370,294,277,433,576,418,528,470,217,312,435,124,33,2,245,331
151,316,286,202,434,397,400,167,273,427,383,424,432,270,305,85,23,243,309,197
152,392,579,106,374,62,630,470,76,385,381,343,445,312,897,213,449,576,458,211
153,797,401,870,84,521,233,479,135,240,427,218,892,520,14,350,783,341,270,747
154,439,254,606,101,622,176,141,525,819,395,321,511,512,417,67,122,482,601,114
155,366,562,466,196,336,492,404,323,223,484,226,142,468,614,330,16,742,544,70
156,170,438,149,410,664,322,621,287,215,179,406,417,507,482,706,670,101,524,67
157,48,741,424,248,125,395,337,283,679,117,408,477,83,35,410,85,557,757,405
158,105,303,680,35,483,757,442,87,88,648,261,588,646,741,164,814,834,86,594
159,865,15,838,862,657,91,769,575,650,182,728,151,173,693,276,129,814,539,131
160,670,143,295,307,495,287,369,284,47,114,697,293,349,102,108,204,299,606,850
161,129,657,647,814,173,662,703,276,567,617,741,105,834,171,132,434,680,91,15
162,758,769,869,635,809,276,169,538,708,660,878,822,883,738,890,533,765,678,419
163,120,403,321,66,527,524,185,11,508,54,255,293,439,20,723,65,143,606,510
164,166,546,680,186,408,741,646,761,727,83,515,679,348,594,870,362,713,283,248
165,612,64,517,17,599,675,783,4,73,202,240,462,534,494,341,383,299,234,816
166,164,186,727,408,117,813,646,761,42,515,752,894,352,39,679,741,680,83,546
167,316,151,180,29,273,400,51,23,50,85,655,270,283,416,829,197,183,202,286
168,477,65,11,524,67,284,114,403,723,179,413,68,671,73,556,426,99,741,410
169,647,569,769,767,814,282,862,648,131,876,869,865,173,838,129,661,883,703,276
170,287,807,658,670,307,495,438,482,149,143,854,244,621,221,899,101,8,214,697
171,662,703,647,256,665,617,760,817,877,800,837,731,575,832,451,834,879,650,565
172,410,322,507,179,317,125,92,819,664,284,99,67,122,210,253,52,126,477,426
173,853,129,733,865,826,810,567,290,276,838,876,15,12,769,731,846,678,131,538
174,497,271,757,416,85,747,19,601,306,151,310,88,197,270,86,689,434,273,741
175,774,213,211,382,449,94,467,191,370,324,13,106,217,381,433,856,277,343,239
176,544,422,67,827,504,534,426,284,612,165,278,395,125,99,6,179,232,108,93
177,659,755,470,387,266,500,150,277,388,528,458,479,343,377,812,269,33,217,421
178,82,462,885,73,168,96,209,664,84,329,364,472,237,255,723,286,183,120,747
179,99,255,68,439,120,40,462,92,524,403,263,108,426,519,723,477,469,284,11
180,167,829,181,892,273,212,23,283,784,655,260,51,183,400,50,747,29,109,286
181,757,270,472,306,310,400,870,197,548,84,68,816,747,237,183,885,180,283,85
182,776,838,890,354,844,756,751,759,869,673,845,584,764,762,785,765,627,878,871
183,400,253,197,337,741,283,664,270,410,515,248,181,40,68,51,286,122,604,679
184,472,43,892,5,548,181,885,730,747,209,784,11,84,723,403,537,321,380,255
185,293,313,545,399,163,527,676,143,65,70,242,338,108,263,228,534,393,384,621
186,117,42,646,398,166,408,761,472,870,164,884,752,546,894,634,352,797,669,713
187,564,703,76,650,135,553,91,161,358,153,359,769,693,29,824,87,88,401,877
188,124,266,343,458,421,523,576,433,338,280,500,520,150,387,479,211,267,470,370
189,372,781,71,494,9,614,874,506,590,136,743,60,30,455,889,269,222,440,234
190,531,115,57,592,753,265,724,86,552,594,588,589,772,795,648,868,875,564,311
191,239,94,217,294,312,774,370,576,433,615,435,195,280,301,328,528,343,418,245
192,196,366,228,258,492,356,70,468,302,336,823,466,323,225,229,148,204,526,59
193,269,326,60,534,599,372,330,145,202,874,223,612,743,796,341,78,243,590,692
194,298,544,6,93,67,75,360,559,612,305,534,518,562,112,278,141,226,476,439
195,801,312,328,213,449,13,433,334,217,774,277,343,191,280,418,381,201,294,301
196,366,492,192,155,45,544,110,258,142,763,466,18,204,484,468,454,614,16,323
197,68,870,306,400,612,305,816,884,337,63,286,601,248,74,69,348,741,310,270
198,8,143,295,356,670,102,527,807,399,307,293,428,570,621,149,320,606,529,47
199,307,621,807,854,141,670,250,580,556,10,482,67,899,101,130,194,559,395,170
200,599,269,341,857,841,60,781,517,590,498,330,312,371,625,328,277,889,725,223
201,498,801,331,388,812,371,195,46,25,440,280,857,301,343,312,334,370,328,418
202,243,64,383,432,78,240,85,342,305,612,601,286,151,193,597,326,534,145,60
203,376,212,557,741,98,283,352,39,253,515,83,680,362,183,248,461,337,319,761
204,746,898,108,45,70,529,439,196,481,16,320,344,457,255,244,466,823,293,366
205,461,260,376,34,24,212,784,98,80,472,604,209,44,441,181,183,283,5,892
206,763,697,336,258,75,230,468,580,141,476,559,823,252,323,854,356,544,492,827
207,738,728,886,651,776,756,584,333,354,890,762,182,739,708,751,811,673,759,389
208,870,646,68,741,427,884,391,350,403,424,723,398,270,197,408,757,74,462,286
209,472,885,784,892,352,730,117,391,37,535,21,68,403,253,39,126,283,663,831
210,179,426,92,398,120,284,11,126,505,68,99,535,410,125,873,507,819,489,172
211,370,264,343,267,433,774,106,280,382,421,374,470,150,124,277,576,191,213,440
212,283,607,461,376,829,180,622,51,424,604,205,337,181,203,248,209,741,24,167
213,774,382,467,801,277,195,449,217,324,433,312,381,528,280,294,470,13,435,370
214,658,179,524,664,671,730,507,369,244,92,11,255,744,210,317,501,723,321,843
215,52,482,713,507,501,170,438,807,67,504,819,408,214,307,287,244,398,664,524
216,552,669,140,115,724,311,667,72,760,717,420,592,860,761,594,171,550,653,877
217,294,435,370,774,312,280,528,191,433,245,328,301,467,418,13,277,615,382,150
218,153,270,757,427,181,350,135,84,40,111,520,508,105,255,237,479,233,729,71
219,480,426,345,612,179,68,99,122,208,462,546,884,816,870,305,243,284,120,723
220,714,788,144,547,668,573,569,864,131,581,702,542,865,567,639,849,182,876,549
221,854,570,697,476,356,336,320,670,59,295,353,307,526,823,495,204,366,287,192
222,338,500,440,267,520,783,124,242,590,189,269,71,755,33,372,60,479,421,659
223,614,455,445,142,136,18,330,16,725,30,372,781,889,440,494,381,745,79,506
224,559,67,146,518,438,101,172,519,194,357,141,250,823,6,179,507,332,221,439
225,70,323,527,281,247,763,223,79,293,90,529,466,229,366,155,228,325,440,455
226,6,517,675,599,614,518,4,155,263,544,344,534,330,234,323,17,360,562,625
227,264,211,266,470,106,343,239,188,897,381,506,331,455,576,590,191,234,267,300
228,70,281,466,336,676,323,192,293,378,302,898,59,529,496,196,356,155,763,204
229,225,366,336,323,192,196,228,763,492,529,281,155,481,70,325,468,527,320,293
230,110,544,196,449,454,206,439,492,252,366,867,142,116,258,801,763,534,468,381
231,62,327,543,385,619,225,247,76,638,455,90,223,392,70,725,692,527,277,9
232,477,426,299,507,176,427,870,873,413,431,68,304,278,208,741,53,397,646,48
233,870,521,508,163,347,723,524,153,797,520,350,54,234,126,208,398,240,462,73
234,455,440,590,625,614,7,729,484,436,517,445,675,344,226,263,71,520,313,494
235,548,88,29,51,87,86,180,442,657,238,36,187,829,80,91,167,472,564,650
236,521,369,671,214,11,163,524,681,508,126,120,255,501,723,393,92,233,884,55
237,3,326,524,255,96,14,270,344,816,426,68,40,197,874,286,179,400,74,612
238,138,420,784,877,80,472,747,795,548,115,86,5,892,442,184,564,831,566,361
239,191,94,217,576,312,433,774,435,294,528,280,370,343,418,328,13,301,195,277
240,462,202,401,870,286,63,675,783,534,243,326,494,165,612,73,27,816,874,305
241,20,385,185,619,163,399,145,327,543,32,621,293,263,54,403,896,62,459,67
242,222,384,120,185,338,889,440,543,60,534,620,619,341,263,66,783,163,874,17
243,202,305,286,400,612,816,480,78,326,783,240,432,401,63,310,68,193,145,534
244,101,524,658,108,438,204,96,501,369,82,457,681,464,99,507,120,664,426,179
245,217,294,370,774,528,435,280,328,312,301,433,418,615,277,150,421,576,467,486
246,557,726,412,166,679,39,248,253,406,122,408,164,315,741,283,894,405,197,426
247,455,225,466,436,381,323,155,330,336,625,763,70,7,148,692,711,517,116,498
248,741,283,197,337,546,253,679,870,400,39,68,125,405,413,270,51,477,208,183
249,5,472,209,80,441,730,283,885,475,362,21,892,44,548,784,424,184,546,664
250,559,65,823,141,75,527,93,562,344,854,17,114,6,145,519,298,336,534,194
251,48,309,503,814,741,662,27,283,601,161,68,131,832,391,648,424,103,122,171
252,26,454,763,614,110,625,258,326,230,75,79,323,119,206,196,534,223,145,449
253,771,741,663,183,410,197,664,679,317,209,248,337,83,761,39,125,283,68,515
254,67,423,403,179,391,398,321,122,870,601,477,507,21,284,37,723,120,168,512
255,481,179,120,237,524,40,17,16,508,11,748,204,344,293,484,66,469,494,898
256,171,879,617,567,817,551,565,665,832,737,877,629,41,662,672,760,451,716,648
257,800,617,879,705,693,877,171,674,564,551,703,661,647,808,539,831,678,660,451
258,468,110,196,366,192,466,580,496,302,697,75,228,492,522,404,206,763,70,252
259,423,101,664,622,321,441,475,215,556,819,254,122,417,515,730,54,723,67,524
260,80,205,472,461,564,180,337,784,181,362,86,34,39,209,868,212,183,44,311
261,105,588,158,88,303,814,648,483,531,379,644,589,875,446,91,87,680,29,35
262,41,583,665,617,171,256,817,737,662,647,551,451,629,565,805,669,653,837,778
263,439,675,330,313,469,385,462,517,344,120,625,299,226,874,748,17,179,484,99
264,211,343,227,106,191,470,433,9,267,520,440,421,150,458,266,239,576,382,331
265,190,656,795,868,115,717,86,753,531,684,623,279,772,818,552,633,760,592,594
266,188,124,338,343,523,590,479,177,387,520,440,33,470,458,222,331,500,267,312
267,124,338,440,211,458,9,222,500,377,421,90,502,71,266,33,343,387,743,277
268,545,399,356,293,143,149,527,621,185,496,529,59,307,325,163,807,295,336,75
269,193,60,659,599,200,331,781,33,372,326,590,458,78,675,692,474,189,494,812
270,816,400,757,68,286,237,135,310,427,181,870,306,885,197,401,391,884,208,741
271,497,19,174,85,0,416,757,741,348,151,253,69,601,197,248,306,427,309,51
272,370,418,312,435,294,217,301,343,280,774,277,421,528,150,433,9,576,328,124
273,401,202,85,424,151,316,167,270,23,286,757,427,383,103,51,816,432,342,180
274,748,330,827,6,484,544,625,599,562,614,518,226,323,223,445,4,146,517,155
275,322,761,126,92,873,894,172,507,100,406,511,22,833,410,101,730,694,819,11
276,129,173,538,569,883,814,790,838,826,769,878,419,853,567,289,810,865,731,765
277,301,418,280,528,421,312,343,13,150,774,467,328,440,217,370,435,33,9,433
278,601,93,67,534,299,114,194,326,432,145,284,202,559,240,612,176,48,64,395
279,623,564,721,699,859,795,594,868,875,115,703,881,552,724,553,592,817,880,877
280,433,370,217,435,150,528,421,277,294,343,312,328,301,418,576,774,486,371,245
281,70,378,323,336,228,225,79,455,320,325,484,466,293,223,481,344,614,506,90
282,589,661,834,662,693,131,814,767,648,569,171,647,865,644,586,169,650,129,173
283,424,248,546,51,337,741,63,362,306,183,209,212,50,870,197,472,68,607,208
284,122,68,601,398,369,462,48,67,179,884,426,99,870,612,524,168,125,477,126
285,296,103,286,431,601,432,145,874,391,326,310,870,427,299,537,51,85,497,757
286,816,326,400,68,270,432,240,63,243,310,27,197,305,383,612,151,202,427,237
287,102,899,170,495,854,65,293,307,143,807,670,697,221,356,336,295,59,621,320
288,472,49,180,892,566,784,86,829,868,107,461,442,362,747,443,5,44,260,209
289,822,276,533,333,173,846,844,769,678,809,765,826,569,354,290,878,639,488,693
290,846,173,700,878,720,810,838,765,883,733,129,849,769,890,639,788,768,569,683
291,641,125,411,68,410,210,870,84,894,352,181,885,472,83,179,283,761,317,398
292,607,283,376,212,50,51,622,750,741,784,348,424,309,848,209,134,253,273,205
293,185,108,676,70,65,484,527,399,313,143,481,534,621,529,344,228,466,263,356
294,217,370,435,328,774,280,418,301,312,433,343,245,150,528,191,576,615,421,277
295,570,143,8,495,670,307,545,854,293,102,399,356,221,526,807,160,198,228,527
296,431,391,477,109,413,885,434,874,270,400,341,816,286,403,870,601,729,37,524
297,634,727,548,352,472,813,209,98,690,747,515,761,51,885,44,741,376,117,183
298,194,123,534,562,360,625,431,93,226,599,305,6,250,112,608,330,612,65,202
299,729,431,850,313,263,93,436,326,462,73,67,870,346,612,477,165,114,874,108
300,433,280,576,343,277,418,294,150,370,217,421,528,124,382,312,33,458,470,774
301,328,418,277,370,294,280,435,433,217,528,774,421,467,13,312,245,142,343,725
302,492,366,228,258,697,526,468,867,854,155,823,466,196,336,192,356,323,516,307
303,443,105,483,86,158,379,446,747,88,784,442,531,50,589,115,376,875,680,29
304,427,477,397,197,597,524,68,870,309,434,85,816,122,601,48,103,432,413,400
305,612,197,243,816,202,286,68,400,326,534,194,601,240,298,63,74,309,27,151
306,870,197,757,74,816,270,427,884,400,398,68,646,85,63,477,310,601,181,283
307,10,102,143,854,295,8,621,606,670,823,438,527,320,545,356,293,287,807,47
308,877,171,800,564,760,115,784,629,633,653,257,623,662,795,260,58,652,238,72
309,85,601,202,197,757,326,286,305,310,432,434,612,240,816,51,63,48,103,622
310,68,757,816,286,270,85,612,69,197,432,601,99,625,431,243,783,306,870,400
311,552,724,115,592,594,216,72,669,795,564,859,87,818,825,420,490,772,760,58
312,435,217,280,277,418,294,774,528,343,370,615,433,576,191,328,195,801,13,421
313,341,263,874,185,93,65,293,299,625,326,330,484,729,599,502,436,534,108,130
314,679,752,67,408,511,403,52,713,197,477,101,348,398,93,99,168,507,482,741
315,461,205,39,607,735,260,24,376,72,212,248,412,140,557,253,884,283,246,791
316,151,167,202,479,273,383,78,286,85,409,432,590,783,270,659,29,266,310,599
317,524,664,410,40,11,507,408,477,67,870,885,413,253,179,93,126,452,398,403
318,47,681,344,10,457,108,45,439,527,545,746,204,143,163,302,492,529,867,8
319,813,209,98,83,37,337,408,663,679,472,117,44,761,42,166,747,186,727,376
320,204,281,336,70,293,323,763,457,378,466,16,527,481,307,228,344,196,356,366
321,723,163,82,120,108,606,399,512,417,66,439,403,101,423,438,126,179,664,10
322,406,275,172,819,126,507,92,664,417,410,355,694,873,210,671,179,407,125,505
323,466,455,281,336,366,225,484,70,155,79,223,763,344,228,378,527,330,492,614
324,774,213,328,725,277,301,382,294,217,370,467,13,312,801,142,528,615,195,435
325,481,484,336,867,281,827,706,225,293,544,375,90,323,344,455,745,70,223,366
326,874,193,237,93,286,27,612,534,330,816,313,601,364,74,269,675,625,145,202
327,62,619,385,517,76,231,241,330,692,445,392,625,341,455,498,223,142,440,534
328,301,294,418,435,280,370,217,528,277,433,312,486,195,615,334,774,245,343,576
329,82,797,885,441,408,11,117,664,610,507,723,870,120,244,96,472,126,101,646
330,599,145,625,223,93,263,675,445,136,455,60,517,17,4,326,436,274,544,534
331,46,470,418,201,812,498,343,421,280,269,328,371,150,25,576,312,195,857,528
332,101,556,415,67,525,417,726,141,403,438,21,122,482,244,194,250,515,501,425
333,584,739,354,776,789,793,762,751,886,558,651,673,890,759,389,642,882,844,845
334,801,328,25,195,435,418,312,46,486,294,301,217,812,498,388,774,615,528,371
335,566,80,260,609,564,633,361,472,34,420,795,138,632,831,461,623,690,760,308
336,323,281,155,378,228,344,366,325,763,867,544,827,466,59,70,320,206,293,823
337,348,741,197,248,283,183,679,39,253,884,209,546,37,391,604,83,398,306,208
338,222,590,520,266,267,440,500,124,33,783,502,372,341,9,381,343,445,458,436
339,687,787,346,806,647,525,65,831,93,276,20,241,602,161,613,114,691,477,129
340,406,726,322,415,515,664,101,122,482,819,511,332,444,253,259,275,172,412,761
341,313,889,874,372,599,494,729,625,675,520,17,534,4,200,93,590,397,614,65
342,202,326,78,590,612,63,383,286,534,372,193,240,4,597,432,502,401,305,165
343,421,150,280,370,576,418,277,124,433,294,312,440,774,470,33,435,217,328,381
344,469,65,17,481,71,484,263,748,90,323,336,527,534,874,544,16,464,234,293
345,219,112,82,67,99,305,480,101,96,395,210,120,243,122,405,73,439,819,426
346,93,397,874,299,197,64,477,53,73,525,65,114,67,434,431,74,263,403,469
347,208,233,723,54,163,393,870,427,68,477,783,126,179,797,413,108,11,168,99
348,337,546,197,884,741,679,306,752,408,283,314,248,39,253,51,604,405,680,270
349,47,670,850,293,70,320,529,204,90,344,898,281,746,228,676,108,464,356,481
350,870,462,111,208,508,383,427,816,783,68,646,675,520,270,401,222,757,523,240
351,530,864,853,682,876,702,826,685,569,581,803,849,720,144,647,879,794,780,367
352,209,535,761,126,515,646,664,11,410,317,524,833,472,117,885,727,507,92,741
353,221,204,570,356,320,457,749,495,746,670,357,476,287,325,854,139,697,47,108
354,776,751,182,845,890,789,333,739,389,759,756,584,651,762,673,785,779,882,811
355,505,322,894,5,55,398,819,21,11,92,321,403,507,671,210,275,730,126,761
356,59,854,466,293,697,823,366,336,527,228,221,192,545,670,307,320,8,302,75
357,746,544,457,204,45,108,492,196,898,439,344,366,476,518,179,194,155,302,16
358,650,693,575,703,661,564,674,15,678,879,817,865,594,91,569,171,539,648,859
359,442,87,115,818,564,311,187,795,552,279,50,875,86,592,880,868,362,589,690
360,194,226,6,298,847,93,517,599,625,4,544,45,112,675,26,559,562,781,454
361,420,238,209,831,37,80,184,730,465,205,5,632,138,784,181,183,11,21,352
362,283,472,44,337,546,248,548,87,424,884,50,594,186,181,741,270,829,376,260
363,622,766,405,424,607,212,792,572,154,38,278,157,557,456,283,601,172,668,219
364,326,145,136,93,599,27,286,494,434,330,400,103,240,197,675,874,73,296,3
365,439,476,122,108,204,534,763,252,75,544,847,321,278,45,326,601,457,298,614
366,196,155,466,492,468,323,898,454,192,302,148,484,527,559,336,70,258,544,867
367,876,733,720,569,702,852,878,488,647,581,737,770,716,768,773,826,691,173,731
368,727,181,472,205,663,747,892,461,209,297,784,319,380,352,443,885,36,833,641
369,681,96,462,524,284,723,843,408,658,244,73,344,108,120,14,126,68,508,507
370,294,280,217,433,421,301,343,774,435,328,150,528,467,312,245,277,418,576,211
371,812,388,217,280,528,201,312,328,801,294,331,25,486,195,370,435,774,470,150
372,494,136,189,341,223,874,590,599,520,889,377,193,534,71,781,269,60,455,506
373,725,614,277,599,312,841,269,200,26,590,517,195,371,486,226,213,418,136,223
374,343,211,440,150,445,370,79,897,421,576,9,124,386,277,90,267,33,2,225
375,90,481,263,293,898,469,484,455,9,325,494,17,189,745,746,71,843,255,30
376,461,212,205,50,87,203,443,362,303,51,283,607,297,680,750,181,784,180,741
377,9,500,372,440,331,470,277,781,659,418,136,889,223,267,13,528,189,222,799
378,281,70,336,323,228,79,293,614,676,155,320,366,466,763,516,506,529,148,344
379,303,29,86,88,448,446,531,447,443,483,442,105,261,875,690,589,411,158,689
380,797,120,197,885,398,462,84,14,73,11,870,210,403,68,96,391,329,521,892
381,343,312,455,213,223,445,195,382,440,449,217,280,774,13,801,277,781,247,614
382,774,213,217,370,13,381,277,312,801,324,294,528,467,433,449,195,191,223,211
383,202,432,286,534,612,520,675,494,427,597,401,783,479,816,659,23,165,350,78
384,120,242,66,676,185,263,90,481,47,375,313,898,163,529,293,783,255,440,17
385,62,619,76,263,543,602,341,20,14,71,874,494,517,462,17,330,675,887,120
386,343,277,33,576,421,774,9,433,124,211,150,374,440,280,312,458,370,455,745
387,470,124,421,343,150,177,458,331,266,312,857,659,500,277,267,188,418,294,33
388,812,801,371,201,312,498,25,46,294,343,280,528,217,370,435,277,576,328,418
389,882,651,789,673,762,776,558,354,785,811,751,890,739,584,333,709,845,759,793
390,799,200,269,625,857,341,841,675,7,372,889,177,590,874,659,599,331,373,479
391,403,646,398,477,870,37,885,741,208,73,408,270,209,68,296,730,816,601,524
392,60,76,630,62,385,269,579,222,152,331,470,474,193,372,377,619,200,341,343
393,399,293,185,299,369,108,606,496,545,723,47,313,143,321,163,621,349,508,850
394,894,398,11,752,179,873,306,870,713,117,39,507,92,74,21,122,40,391,22
395,67,52,278,176,112,299,477,597,114,194,101,601,65,126,108,305,284,68,679
396,27,251,434,76,103,202,64,326,601,241,309,278,169,61,874,104,304,397,145
397,434,477,341,675,93,729,346,599,870,197,64,874,4,151,136,372,427,145,590
398,284,408,11,884,870,391,477,507,403,99,646,462,68,894,126,306,413,208,723
399,545,496,293,185,10,268,143,393,321,621,618,295,163,8,606,141,307,130,108
400,197,816,270,286,63,183,243,870,27,68,305,306,103,3,237,151,109,432,537
401,816,240,85,63,273,427,270,870,783,383,68,153,243,202,286,424,757,306,27
402,221,8,170,854,570,295,670,139,495,307,697,899,356,143,526,287,59,198,353
403,11,524,477,885,391,163,37,65,179,67,723,54,398,120,870,208,20,664,410
404,155,366,142,468,614,323,75,223,196,258,18,492,16,378,562,484,466,485,454
405,248,283,208,741,39,546,832,337,348,622,219,607,870,408,679,391,27,395,817
406,322,340,726,275,172,482,507,873,819,126,511,101,694,122,664,415,170,52,894
407,322,819,275,355,101,406,507,22,172,505,482,210,511,664,67,417,671,92,894
408,117,646,870,679,398,741,524,752,99,515,96,885,413,317,125,11,391,507,369
409,474,659,269,60,599,316,200,372,590,202,479,326,364,193,286,78,103,151,341
410,67,317,477,664,253,172,403,179,663,741,413,126,68,352,183,511,168,11,210
411,125,181,109,885,84,291,548,747,68,797,870,400,829,892,42,655,472,270,197
412,511,39,337,761,166,275,713,319,894,122,405,752,348,100,52,507,83,186,260
413,477,431,427,741,524,408,398,679,179,40,168,317,870,403,126,284,391,67,410
414,416,271,50,446,303,497,483,87,448,174,442,848,689,105,85,447,443,802,376
415,515,101,679,741,408,713,314,403,726,752,524,873,413,332,507,501,11,833,122
416,174,497,85,271,105,151,167,273,414,197,51,757,103,309,306,741,19,50,316
417,82,126,99,321,67,179,101,11,66,122,120,556,664,92,819,730,438,525,244
418,301,435,328,277,294,312,343,433,528,280,421,217,576,150,370,331,774,13,440
419,276,769,785,649,838,182,650,759,354,91,776,173,869,890,770,693,575,814,765
420,238,669,216,472,138,633,311,784,115,831,361,594,209,808,730,566,86,352,656
421,150,343,280,370,277,433,418,124,435,301,294,33,312,470,217,576,328,528,774
422,176,67,534,68,544,612,706,168,99,165,426,108,65,93,293,179,439,843,525
423,321,723,254,730,475,819,512,101,120,179,214,82,108,284,398,369,210,462,27
424,283,63,427,208,286,273,85,401,151,68,870,240,270,197,306,546,601,797,27
425,505,438,101,21,120,82,11,556,403,417,67,321,179,610,92,163,439,22,10
426,612,69,68,99,884,120,179,67,122,40,237,284,219,507,82,524,870,197,519
427,432,477,870,85,413,429,424,304,270,757,306,68,208,401,286,51,383,601,462
428,545,618,526,496,399,198,228,258,8,763,10,143,529,356,570,59,192,268,320
429,432,427,477,431,601,413,424,48,283,278,284,612,870,622,68,306,122,299,208
430,664,840,730,170,322,505,819,438,423,21,403,275,807,321,425,126,410,101,723
431,477,93,299,99,413,729,524,296,344,65,67,625,313,427,108,298,4,114,310
432,427,202,383,429,286,601,310,27,326,816,243,68,400,431,63,534,85,401,151
433,280,370,576,418,217,294,421,343,301,774,150,312,435,328,277,528,195,191,213
434,397,103,151,477,85,452,427,601,4,309,286,296,197,364,597,679,870,413,741
435,294,418,217,312,280,774,328,370,301,528,433,277,615,576,421,343,245,150,486
436,534,625,330,234,590,517,247,263,484,313,299,293,874,338,600,60,455,326,93
437,22,394,425,505,355,398,306,894,417,209,186,39,507,873,840,166,11,55,54
438,101,82,244,149,621,307,20,524,823,120,179,32,66,143,99,321,425,403,65
439,108,263,120,99,179,45,204,344,457,544,462,534,527,746,65,469,484,898,10
440,9,455,30,445,79,343,277,889,498,418,234,124,223,90,301,142,222,381,13
441,472,475,329,885,730,664,515,209,892,5,535,548,408,44,352,249,11,747,92
442,86,868,87,50,158,443,115,359,747,51,303,88,424,757,105,848,273,29,174
443,86,303,115,442,105,376,784,50,209,253,680,892,747,552,36,472,813,483,802
444,410,525,511,253,726,663,172,67,557,477,601,126,52,406,122,771,395,39,114
445,440,223,614,625,30,90,277,455,330,136,142,381,494,234,79,9,781,60,13
446,448,447,87,303,50,105,379,442,414,29,167,531,86,875,443,588,158,483,416
447,448,446,87,379,29,416,167,303,50,875,414,105,86,483,443,88,197,261,51
448,447,446,379,87,875,86,303,414,88,29,167,483,105,50,689,690,442,443,51
449,801,213,195,856,774,381,382,230,492,324,628,94,110,440,498,455,13,312,116
450,478,316,474,532,409,202,78,659,470,479,841,200,371,812,151,177,273,388,269
451,877,171,551,256,842,669,617,674,561,879,662,257,564,831,603,817,623,800,358
452,197,885,317,103,434,524,306,870,477,400,40,118,37,537,326,93,403,816,679
453,135,29,222,218,479,316,401,167,266,270,78,153,783,84,2,23,590,180,523
454,492,252,366,142,625,196,517,110,614,763,226,155,534,230,223,628,313,330,195
455,440,234,223,323,79,614,506,90,30,381,445,330,9,277,247,136,745,17,195
456,38,842,572,279,592,875,623,591,724,158,817,863,133,653,868,594,86,552,753
457,108,45,120,439,204,746,320,544,66,344,196,357,481,244,748,534,492,16,293
458,124,470,343,659,500,421,150,33,387,267,269,280,2,188,177,338,331,60,433
459,76,619,600,241,543,392,385,62,338,783,242,869,520,276,222,327,440,822,874
460,53,383,35,597,234,48,299,436,757,65,520,293,810,266,427,85,431,711,523
461,205,212,376,260,283,784,181,180,472,24,80,315,362,607,443,209,50,813,829
462,14,240,263,675,96,120,508,73,681,179,369,99,350,82,284,494,326,299,439
463,76,897,227,385,543,264,62,106,436,719,704,392,116,267,374,152,9,211,534
464,874,344,501,524,469,96,244,237,65,681,263,850,93,369,326,431,17,313,114
465,216,813,741,253,413,83,420,664,183,410,132,477,831,634,434,37,361,311,158
466,366,323,70,155,527,228,356,196,559,484,247,763,258,293,336,468,580,898,110
467,774,370,528,217,277,213,13,301,294,280,421,435,615,418,312,245,433,382,324
468,258,366,155,196,466,323,404,302,697,228,192,110,70,336,206,356,854,492,522
469,344,263,114,65,179,827,17,742,313,439,484,850,748,99,255,93,336,481,375
470,150,343,331,421,277,280,576,387,312,458,528,177,418,433,213,659,812,217,294
471,228,375,898,746,293,70,344,481,336,323,225,843,529,185,143,281,17,320,676
472,548,209,892,441,44,784,84,181,184,5,362,283,535,885,747,352,80,270,664
473,559,536,194,141,395,534,112,278,299,544,145,439,75,518,108,556,230,476,67
474,409,659,269,470,60,590,479,343,372,200,33,599,150,421,532,331,266,280,202
475,441,329,472,5,423,730,11,664,535,40,723,210,892,249,184,209,101,82,438
476,544,196,518,221,366,439,194,827,559,204,75,206,854,357,697,320,336,823,108
477,413,431,427,403,93,67,870,398,410,168,391,397,68,429,179,524,317,434,197
478,450,470,528,532,856,371,312,202,841,150,801,625,213,436,474,449,195,812,78
479,659,520,500,266,135,755,372,383,799,458,316,177,222,470,590,523,136,474,269
480,219,243,534,612,286,816,68,63,326,120,305,439,108,462,27,426,783,3,270
481,484,898,255,344,745,325,90,17,293,544,70,748,827,494,16,375,204,223,614
482,101,52,99,67,11,170,307,606,819,403,314,438,215,179,172,408,752,244,120
483,303,86,158,680,875,88,50,667,689,813,87,51,105,166,164,741,376,443,802
484,481,517,65,323,344,544,293,614,745,748,155,234,366,898,325,466,196,90,330
485,484,223,455,17,323,614,745,155,506,781,16,79,481,889,898,330,30,494,748
486,328,280,370,812,294,435,217,25,528,312,371,418,334,774,245,433,615,46,13
487,716,737,740,780,629,256,551,794,565,733,41,585,530,682,698,849,171,705,583
488,691,852,773,577,733,734,678,846,367,569,683,770,685,637,732,822,731,878,826
489,11,524,403,833,413,508,884,126,477,873,99,208,317,398,426,210,870,96,40
490,564,72,594,760,669,859,551,311,171,592,703,661,665,795,279,603,451,115,834
491,275,632,34,505,100,430,335,582,205,791,355,101,407,11,821,512,22,98,730
492,196,366,454,763,155,302,534,323,192,867,90,148,45,110,544,638,142,223,258
493,194,230,449,439,278,454,513,252,226,360,517,110,195,142,26,544,628,476,196
494,372,889,341,17,16,675,189,223,534,136,614,781,520,71,440,874,481,445,599
495,295,670,570,287,170,221,102,293,143,621,307,8,160,746,899,706,356,108,320
496,399,545,258,228,70,336,293,281,110,247,436,466,108,10,544,307,618,225,393
497,271,19,85,174,0,757,741,416,679,309,310,434,253,197,747,151,601,306,51
498,201,801,331,440,388,277,30,517,455,9,445,812,312,343,625,418,334,269,79
499,112,559,101,194,250,204,345,298,141,823,244,519,439,67,556,476,395,518,697
500,222,659,377,479,458,124,338,177,520,331,33,494,9,755,267,372,889,421,440
501,524,464,521,96,244,237,870,284,646,344,369,508,507,40,391,671,398,14,68
502,326,313,338,234,534,783,267,625,440,590,445,341,729,344,675,222,4,484,71
503,251,179,114,73,462,874,831,391,126,317,240,602,284,723,524,477,20,68,32
504,68,507,284,398,462,99,69,176,179,426,601,408,317,125,870,469,369,240,48
505,425,664,11,210,92,403,21,355,179,101,39,120,126,417,535,556,610,209,321
506,455,79,614,223,189,470,372,381,30,485,440,136,781,323,281,70,874,343,330
507,873,101,126,398,317,894,524,426,408,504,99,284,172,11,179,664,125,67,884
508,462,66,14,255,40,521,524,120,96,11,843,350,163,237,233,723,82,99,870
509,453,218,87,105,158,50,303,414,261,442,135,446,531,88,187,757,479,304,416
510,66,120,163,82,438,55,101,321,508,54,873,11,99,426,439,417,255,143,47
511,314,713,410,752,412,126,52,761,39,482,894,275,664,873,11,679,403,507,515
512,723,321,120,101,11,179,126,831,219,398,423,819,403,82,122,208,54,284,380
513,625,342,45,517,240,796,439,544,534,202,326,4,612,194,193,462,108,269,494
514,546,283,51,741,68,248,884,166,197,348,408,727,507,894,42,164,337,362,426
515,885,741,664,408,679,117,37,415,352,646,391,317,122,126,727,403,761,183,253
516,323,155,313,228,70,281,378,302,867,440,455,466,293,247,234,366,527,90,110
517,226,614,625,4,599,484,263,675,330,590,544,534,781,165,234,436,454,494,17
518,519,226,544,559,6,898,323,75,476,141,854,93,344,194,466,562,534,517,4
519,518,93,17,67,65,179,99,114,263,898,146,6,787,120,612,748,562,675,559
520,338,799,479,372,341,889,494,440,874,523,534,500,234,222,383,783,675,9,462
521,508,501,11,233,602,462,398,870,237,524,208,255,96,153,14,120,369,843,403
522,196,258,366,468,155,404,142,110,323,18,454,492,230,484,302,620,324,223,544
523,266,520,188,479,124,470,350,222,338,372,387,458,383,590,200,893,234,783,267
524,403,237,317,664,255,65,99,408,179,11,40,369,96,244,413,431,501,68,477
525,75,67,346,114,93,52,99,431,130,544,141,65,601,477,194,417,556,439,469
526,302,47,295,8,545,221,307,192,320,854,570,356,143,196,428,492,670,204,366
527,65,466,225,293,529,823,323,366,344,250,534,163,559,108,330,196,149,484,155
528,280,217,277,435,370,418,312,774,328,467,301,294,150,433,245,13,812,421,371
529,527,204,293,70,323,344,225,228,155,481,898,336,545,466,320,867,90,47,366
530,794,780,637,698,702,773,770,367,803,581,662,682,864,876,849,685,716,837,720
531,190,589,648,115,588,804,564,88,661,303,875,767,814,644,86,105,594,442,158
532,312,470,857,528,371,280,576,328,46,331,812,474,266,200,377,150,191,217,343
533,708,289,635,809,822,890,678,765,700,541,639,488,776,354,770,878,660,785,276
534,108,544,93,625,874,71,193,326,145,612,675,494,65,517,783,436,341,330,293
535,209,352,92,472,208,11,210,317,884,507,833,885,99,892,68,179,730,403,398
536,141,580,559,75,823,247,473,496,206,143,527,545,466,525,763,130,600,65,299
537,51,286,400,816,68,63,270,432,237,870,885,391,452,326,403,604,477,40,337
538,883,765,878,539,276,853,173,826,567,569,759,838,846,129,635,876,769,844,890
539,878,765,538,862,883,720,575,876,569,678,853,865,879,869,650,567,15,674,693
540,882,389,789,558,651,654,673,113,709,871,627,751,785,839,354,333,890,584,739
541,896,639,720,765,595,878,788,803,182,701,549,144,869,822,702,890,539,635,581
542,849,794,144,864,547,754,788,720,549,685,702,581,803,637,716,541,639,852,367
543,385,619,62,76,185,602,242,20,263,120,704,887,313,163,638,179,234,384,148
544,534,827,476,196,484,230,517,518,194,614,481,330,4,344,562,366,226,612,748
545,399,268,496,185,293,143,295,527,356,307,618,10,529,228,428,302,526,108,70
546,283,348,248,884,741,514,42,270,208,337,39,424,655,197,219,68,405,408,870
547,788,581,754,702,720,144,876,803,864,367,542,714,878,810,794,549,732,12,569
548,472,181,892,184,885,870,747,297,727,84,784,51,109,362,270,11,403,352,238
549,732,852,896,541,754,144,701,639,577,547,788,542,720,768,849,878,700,846,765
550,669,216,140,41,672,760,665,551,256,718,565,171,593,571,653,262,740,594,877
551,669,256,879,140,171,780,877,451,674,832,565,257,665,617,817,737,760,662,594
552,592,724,216,311,115,875,818,72,753,594,717,859,279,589,699,690,880,667,633
553,824,564,721,661,623,693,865,283,358,650,575,279,859,703,594,23,15,817,219
554,831,472,824,784,877,512,892,602,138,238,747,5,84,240,208,286,329,209,797
555,248,741,348,557,337,183,679,253,197,416,405,766,680,604,497,283,51,203,515
556,67,101,168,403,82,141,11,417,163,425,438,244,431,621,477,209,525,117,99
557,197,248,253,203,741,555,39,337,51,83,663,679,283,376,680,416,604,515,212
558,789,882,389,751,584,333,793,673,651,354,890,776,709,654,759,785,739,127,762
559,250,141,823,75,518,65,466,366,854,344,527,93,155,194,330,562,196,580,439
560,248,416,563,56,555,497,151,174,607,212,271,283,167,405,767,309,50,741,253
561,603,594,451,817,669,564,72,115,552,859,279,875,311,877,699,171,724,80,657
562,6,155,599,544,65,93,250,330,484,534,226,4,366,527,614,742,559,517,298
563,546,283,405,248,607,424,553,655,212,337,151,348,741,362,623,219,29,51,829
564,115,703,661,650,594,859,358,877,553,171,279,623,257,721,760,693,72,648,490
565,256,171,629,837,551,760,140,737,879,585,665,662,731,487,583,877,41,672,617
566,238,420,77,80,548,86,472,892,184,115,564,633,335,831,690,561,288,603,36
567,129,173,876,865,826,878,569,853,15,538,276,256,879,716,131,647,539,733,838
568,800,831,138,662,586,784,877,582,602,760,184,619,723,126,691,420,171,417,465
569,876,878,733,647,883,129,367,678,814,853,276,773,131,790,865,567,12,173,826
570,295,221,854,495,8,697,356,336,228,353,143,192,746,526,545,670,307,320,302
571,171,617,703,806,648,800,662,814,767,853,832,647,858,669,586,790,733,173,834
572,817,665,832,629,58,171,623,760,41,586,877,814,648,405,256,551,834,661,451
573,714,788,547,144,754,888,803,581,896,539,542,764,864,720,639,702,876,878,810
574,644,648,91,814,419,531,276,660,129,650,588,631,804,173,282,767,589,15,567
575,693,650,879,703,865,661,358,778,539,171,15,678,822,674,129,367,817,838,657
576,433,343,280,418,150,312,294,435,217,124,370,277,239,421,191,328,470,774,528
577,852,685,637,488,702,581,770,691,773,803,732,794,716,367,683,896,849,698,768
578,851,698,837,530,800,780,803,637,794,705,864,662,577,171,569,539,647,773,740
579,392,152,445,62,76,385,312,638,106,382,619,195,330,381,506,534,60,217,801
580,854,258,466,141,75,697,559,763,206,823,196,492,468,250,307,536,10,194,366
581,702,547,864,876,367,577,803,878,569,780,637,888,896,685,530,714,815,144,541
582,831,730,20,32,512,22,11,687,163,55,417,606,840,602,403,99,425,321,10
583,665,262,837,647,585,737,41,662,565,128,716,617,171,487,864,760,805,551,256
584,333,751,789,890,776,558,354,673,793,651,882,642,389,886,127,739,182,759,762
585,837,737,647,876,778,617,583,171,780,806,665,575,256,565,817,879,551,716,569
586,648,703,832,661,767,650,171,282,564,662,571,877,647,814,760,91,665,834,693
587,776,759,890,869,354,762,389,895,785,182,533,871,844,793,882,649,751,756,673
588,531,648,804,589,261,158,814,594,644,105,875,699,161,15,661,767,650,863,115
589,115,282,531,648,875,834,842,644,662,171,661,814,564,72,760,588,623,594,703
590,599,338,372,234,614,517,266,781,189,341,436,625,269,343,841,874,494,222,484
591,875,863,552,724,877,133,753,699,588,115,667,860,633,795,589,216,132,717,813
592,552,724,594,311,115,72,699,753,279,216,772,795,859,868,86,57,684,190,690
593,216,140,550,696,669,41,805,837,760,565,262,58,583,665,275,629,171,72,653
594,669,564,699,760,703,859,115,633,592,72,817,808,311,358,648,877,171,279,551
595,541,896,137,577,637,639,852,720,701,822,803,702,765,685,549,581,770,539,691
596,868,880,279,881,87,829,362,861,592,86,825,97,88,552,29,260,721,359,50
597,65,202,64,383,53,85,534,114,48,431,874,397,432,372,520,299,625,401,601
598,838,173,865,567,759,764,131,810,129,159,419,788,649,290,15,785,814,91,769
599,330,4,675,200,874,341,517,590,136,269,226,93,625,562,372,17,729,193,6
600,625,145,436,263,313,65,534,234,341,874,64,53,202,484,330,462,783,527,439
601,68,284,612,122,757,67,326,197,27,202,309,432,278,63,870,69,93,310,816
602,831,385,521,687,543,62,619,179,20,11,821,255,40,233,120,462,723,76,317
603,561,451,564,80,490,72,171,594,358,832,623,669,665,115,279,817,877,58,703
604,337,537,197,183,37,400,348,885,741,122,117,51,212,283,515,24,248,270,646
605,834,665,171,724,594,703,623,672,760,617,842,832,256,647,571,767,311,648,550
606,10,307,141,143,321,163,527,399,393,65,482,621,403,67,299,439,723,47,263
607,283,212,405,248,180,50,424,376,51,622,362,337,741,546,784,563,829,461,39
608,611,599,226,6,298,341,625,562,517,4,194,729,136,93,534,614,200,519,874
609,624,772,825,880,830,564,690,335,596,359,86,115,592,57,80,260,190,279,656
610,885,82,329,11,209,99,5,37,66,508,403,833,120,391,723,730,101,126,556
611,608,599,434,613,841,136,874,372,590,341,93,202,397,616,614,517,4,200,226
612,68,426,305,326,197,165,534,601,202,243,286,93,816,310,544,494,99,63,383
613,611,309,608,93,67,431,787,434,395,103,729,757,519,874,102,299,114,123,346
614,136,223,142,517,455,445,79,226,625,590,234,484,506,781,4,494,544,189,889
615,312,435,294,94,217,328,774,13,370,467,191,245,301,277,280,418,195,486,528
616,777,608,611,76,388,202,371,243,383,841,454,534,62,201,269,78,801,783,338
617,647,879,171,703,256,569,778,876,257,129,731,661,733,674,790,662,858,567,837
618,545,10,399,496,428,529,621,228,148,704,185,149,763,225,492,20,293,307,8
619,385,62,543,76,263,20,327,242,602,338,599,517,638,341,675,874,330,17,120
620,223,116,277,330,142,763,18,454,638,110,889,79,328,301,445,242,492,70,196
621,149,293,807,307,670,20,10,65,438,313,399,130,185,143,93,723,403,263,527
622,741,601,309,122,248,27,337,202,405,278,305,123,432,424,197,429,286,85,103
623,721,279,760,817,661,564,553,877,115,665,832,795,859,648,171,703,589,699,451
624,825,609,830,772,311,260,36,80,57,656,190,472,564,335,795,359,868,690,461
625,330,517,445,534,341,599,614,4,234,263,454,436,874,600,313,692,494,145,590
626,875,657,115,818,699,690,161,87,311,667,724,561,589,303,297,564,72,376,859
627,785,776,882,389,890,182,759,762,871,751,845,844,764,354,811,789,756,779,839
628,454,195,449,517,625,599,801,116,142,79,544,269,445,226,343,614,620,26,371
629,565,256,487,760,171,572,837,530,737,817,716,41,451,140,262,652,308,832,583
630,392,470,150,152,331,343,62,458,812,76,579,46,312,388,385,421,857,280,486
631,879,171,674,256,569,877,257,678,551,662,705,594,800,648,703,617,530,731,451
632,831,140,760,98,821,216,132,761,441,34,551,472,92,72,833,791,115,311,515
633,594,669,699,115,877,86,420,552,589,308,760,795,703,216,690,724,684,648,717
634,297,813,727,352,117,413,186,741,761,83,98,885,669,11,37,515,209,44,548
635,765,878,809,853,876,533,538,678,826,822,276,539,639,896,869,488,883,173,700
636,32,20,580,10,147,149,527,75,582,618,621,476,823,101,8,559,141,204,82
637,803,577,852,770,794,691,698,530,488,685,815,581,773,702,864,732,137,716,720
638,223,614,142,330,79,148,492,196,620,18,454,445,455,517,366,155,116,506,763
639,701,765,896,541,144,788,720,113,890,809,290,878,846,803,635,654,844,822,853
640,716,665,629,171,864,583,737,256,647,837,617,41,662,530,780,487,702,572,760
641,291,833,179,92,535,84,210,11,68,398,521,885,40,135,508,125,165,317,410
642,789,584,333,354,890,751,785,127,845,839,739,793,1,673,776,558,389,649,882
643,656,311,825,216,669,866,58,490,653,772,552,72,791,603,420,115,760,592,665
644,648,814,767,589,276,282,662,574,129,661,173,865,834,131,832,790,594,531,879
645,880,825,772,786,881,592,861,552,866,795,279,724,818,891,311,603,643,875,656
646,870,117,408,391,741,208,757,885,68,398,816,197,306,270,727,477,524,109,515
647,617,876,569,171,837,129,662,733,853,731,865,367,780,814,173,790,131,567,879
648,767,814,661,531,876,644,589,879,586,569,171,804,647,693,790,703,367,865,282
649,785,144,419,765,890,276,639,810,290,788,642,759,838,869,895,173,627,846,673
650,693,358,865,703,661,575,91,564,15,879,539,173,657,171,838,674,159,876,826
651,389,882,673,776,789,751,756,354,333,584,739,759,762,811,558,890,844,654,793
652,653,629,760,623,565,171,308,451,256,262,877,665,633,41,669,279,834,662,589
653,760,652,623,834,115,589,262,171,216,308,72,565,724,140,665,41,875,817,552
654,113,890,789,751,389,651,558,882,871,776,673,639,540,756,844,759,779,333,354
655,23,546,829,816,270,68,180,401,167,283,273,151,111,135,286,243,316,29,305
656,717,825,115,772,795,552,592,311,265,216,420,753,643,72,669,632,877,308,684
657,15,650,159,575,693,91,859,51,832,173,865,703,661,161,814,129,594,358,674
658,214,244,369,170,101,524,108,255,204,82,284,621,457,179,664,120,96,671,99
659,755,177,479,269,33,500,474,458,470,150,277,377,372,421,383,725,343,409,528
660,804,173,678,276,129,733,769,731,879,91,883,846,635,790,569,738,648,15,661
661,693,865,650,879,648,817,767,575,564,131,876,674,358,282,832,617,569,15,872
662,171,814,647,834,665,800,569,853,129,282,173,731,832,876,256,617,567,879,878
663,253,410,209,477,679,197,283,741,413,885,317,337,306,83,117,408,125,68,67
664,317,524,515,11,410,101,40,671,126,253,403,21,885,730,179,82,723,507,183
665,832,171,817,256,662,837,583,834,703,760,41,647,551,262,617,859,623,877,585
666,176,395,819,771,410,125,422,52,172,67,601,253,194,477,99,444,322,612,525
667,724,216,875,552,483,717,86,311,115,690,818,376,303,626,443,813,158,633,561
668,169,864,131,567,647,714,569,790,842,12,665,828,583,581,220,547,878,617,876
669,594,551,877,216,140,699,633,171,256,451,800,703,420,311,571,186,115,808,674
670,495,295,349,621,143,307,160,356,287,854,293,221,899,170,47,807,149,746,438
671,126,664,284,168,723,101,214,524,11,255,163,99,403,179,244,501,321,369,819
672,858,256,617,834,171,662,731,41,129,737,790,879,832,571,565,665,806,760,567
673,789,890,651,389,756,776,882,759,811,751,793,844,584,354,333,845,558,762,838
674,693,879,661,15,539,575,358,617,551,650,817,257,831,171,569,678,778,865,567
675,599,226,263,330,494,4,462,517,341,534,93,17,234,889,240,326,165,397,96
676,293,228,90,70,378,185,196,492,108,384,223,481,30,763,366,225,529,281,47
677,359,772,279,442,868,490,686,795,825,552,265,564,592,881,115,861,104,623,461
678,878,569,846,822,173,488,733,853,765,539,876,734,575,731,276,660,826,691,883
679,741,314,408,515,413,253,337,197,477,248,117,348,752,680,391,870,415,663,434
680,741,679,164,158,166,727,802,83,348,483,105,50,646,248,51,443,546,408,303
681,369,462,843,96,120,108,313,263,244,47,14,163,344,464,508,17,82,45,746
682,794,849,716,754,530,702,577,768,803,685,864,876,852,740,732,569,367,683,780
683,732,733,852,488,768,702,685,773,290,367,577,720,794,173,846,716,849,12,878
684,699,795,594,669,115,592,760,216,552,633,631,877,420,311,279,472,140,813,724
685,577,852,770,794,702,488,637,683,849,896,815,367,803,581,732,569,682,530,542
686,724,802,552,875,633,760,653,86,216,680,279,483,877,834,665,677,158,171,443
687,831,787,602,11,20,403,339,519,179,410,32,664,317,821,385,885,800,824,647
688,802,86,483,724,868,818,689,680,448,174,592,446,552,88,158,795,414,497,667
689,88,51,174,86,483,271,303,87,19,416,434,604,151,747,427,29,376,680,757
690,57,699,297,552,115,592,875,36,633,753,594,531,667,724,311,626,86,238,87
691,488,770,705,734,637,577,367,852,678,698,822,846,733,794,137,569,773,731,707
692,625,534,269,330,372,498,440,517,614,455,381,331,338,222,590,226,193,247,202
693,650,661,575,879,15,674,358,865,173,257,539,826,282,657,567,648,569,678,876
694,322,507,126,275,761,406,713,671,873,819,170,215,840,833,11,410,664,55,52
695,691,577,637,770,530,171,367,800,685,488,705,256,565,716,740,702,731,852,737
696,805,837,41,262,140,583,128,737,665,672,585,593,551,72,647,669,565,888,817
697,854,206,466,356,302,221,258,580,75,366,336,468,570,141,559,287,476,518,102
698,803,794,770,637,530,852,691,702,577,705,539,864,367,578,581,876,773,720,685
699,594,877,690,669,795,279,633,684,760,115,859,592,724,623,674,875,564,552,831
700,846,290,809,701,773,849,584,720,793,635,878,765,173,569,678,182,852,488,890
701,639,765,720,700,846,878,734,541,809,549,488,822,113,751,890,673,852,539,896
702,581,794,803,367,864,876,716,547,773,780,577,12,569,720,683,685,733,878,732
703,171,650,575,564,617,834,358,594,877,661,665,879,648,571,760,647,817,257,693
704,293,543,618,225,336,148,62,529,70,399,185,385,108,545,638,344,349,471,228
705,691,257,800,852,488,171,770,698,617,551,631,733,367,794,637,808,877,734,662
706,325,469,293,827,422,176,481,495,375,399,143,263,484,336,850,120,529,544,65
707,822,137,770,798,575,691,276,678,855,635,539,853,765,878,289,879,637,533,488
708,533,809,333,584,793,890,822,789,751,886,738,798,776,127,846,289,635,354,660
709,789,793,389,882,673,558,127,651,584,751,890,333,811,354,762,540,776,759,785
710,1,639,683,577,864,896,549,732,803,768,642,533,121,685,488,852,144,809,702
711,323,234,897,293,455,372,247,65,70,527,436,313,850,330,223,344,466,625,484
712,794,732,803,864,577,637,702,852,815,685,683,740,530,581,716,542,754,773,849
713,752,408,52,511,873,507,117,314,126,11,415,208,398,894,215,679,101,186,515
714,144,788,547,573,581,876,702,567,883,864,569,542,896,780,754,878,849,549,838
715,345,395,405,726,408,67,232,679,52,117,248,622,278,850,585,873,299,314,176
716,487,773,849,794,768,702,733,367,567,569,720,577,737,864,740,852,876,803,682
717,656,552,216,115,667,633,669,795,86,311,699,420,877,813,818,592,724,265,684
718,740,256,768,716,737,858,41,682,487,577,672,171,794,685,565,530,367,683,691
719,763,106,897,381,185,330,247,520,234,534,436,527,711,625,455,65,692,867,110
720,367,878,849,794,539,290,788,541,846,803,852,173,639,773,547,701,702,770,765
721,623,553,279,564,703,722,650,661,358,575,817,865,859,693,171,159,872,91,282
722,865,650,838,721,738,575,872,728,182,661,159,358,15,703,693,759,91,567,879
723,321,126,179,870,403,120,462,82,369,68,208,67,512,398,168,11,524,108,284
724,552,592,311,667,216,875,760,594,115,699,795,860,279,72,818,834,680,589,703
725,781,142,277,223,328,418,301,18,324,528,440,373,614,294,79,435,155,136,659
726,126,406,101,67,415,664,410,507,253,426,403,515,122,37,741,172,408,413,524
727,646,166,515,352,741,117,297,209,634,548,680,870,813,51,679,408,885,37,181
728,738,15,584,759,693,650,333,159,844,91,776,769,182,739,890,575,886,838,751
729,341,299,234,599,431,17,313,783,397,494,93,65,675,344,520,874,114,372,590
730,209,11,885,21,37,92,403,664,391,524,398,40,723,179,117,214,82,101,833
731,790,733,129,173,853,569,647,876,171,276,826,678,617,367,662,878,488,879,778
732,683,852,794,803,549,577,488,702,733,849,754,768,637,773,685,547,367,846,569
733,569,876,173,367,768,129,731,647,853,488,826,846,790,678,12,683,716,290,878
734,488,822,691,678,701,720,846,852,770,878,637,541,137,700,367,773,849,732,569
735,736,140,653,817,592,72,128,552,315,623,760,859,665,832,594,490,661,39,514
736,140,735,860,617,872,41,760,128,585,661,790,647,834,858,653,879,703,129,672
737,487,367,585,256,780,716,817,617,876,647,551,778,567,794,740,565,702,583,128
738,728,584,333,769,708,660,650,751,739,890,673,722,759,289,776,793,822,886,838
739,762,333,354,776,651,389,882,759,789,845,584,811,673,756,751,890,844,642,558
740,487,718,716,768,737,794,733,731,858,773,682,41,530,691,367,702,780,171,577
741,679,248,515,337,253,646,408,413,208,197,524,391,83,283,870,37,270,757,51
742,17,263,344,155,469,330,867,562,223,226,65,484,748,120,527,313,6,675,90
743,745,781,189,796,494,614,277,223,33,433,372,269,440,481,193,500,30,338,590
744,255,746,120,179,344,214,469,843,369,293,357,99,681,457,65,484,163,66,481
745,743,481,223,484,455,781,614,494,277,889,30,485,440,9,725,155,189,799,79
746,898,204,357,108,457,439,481,344,518,323,466,120,469,375,45,228,320,293,70
747,885,784,270,84,472,757,892,391,209,181,797,51,109,462,85,548,408,184,310
748,274,344,484,481,263,120,898,544,255,66,4,330,179,223,494,469,17,108,614
749,898,518,114,466,854,323,250,204,366,228,746,344,108,101,336,439,529,141,221
750,376,561,87,283,461,50,724,594,203,158,859,592,212,680,699,483,58,260,205
751,789,354,882,584,776,890,558,673,651,756,333,389,182,793,844,759,779,871,642
752,408,713,314,679,398,348,507,52,208,391,741,11,166,873,99,511,117,197,39
753,552,115,592,72,190,699,690,589,760,724,656,633,531,591,653,594,443,623,57
754,547,803,549,702,794,768,732,682,542,849,720,852,716,12,864,581,733,144,367
755,659,177,479,500,269,222,725,458,470,150,338,421,383,520,377,781,782,124,266
756,844,776,890,673,759,182,838,751,354,651,845,882,789,389,584,739,762,333,764
757,85,870,310,270,306,601,646,427,181,197,68,741,208,309,816,35,202,401,477
758,890,809,584,533,846,289,769,182,354,708,871,869,878,290,488,739,765,162,541
759,776,890,811,756,762,673,844,845,354,785,651,838,333,739,182,751,882,389,789
760,171,594,72,834,623,565,703,879,665,140,617,41,831,877,115,256,647,724,662
761,352,275,894,39,507,741,253,98,515,166,83,186,92,11,126,833,398,664,472
762,776,811,389,739,759,333,354,845,890,651,673,789,584,844,182,785,882,756,793
763,492,110,196,252,323,223,225,466,336,206,454,330,320,527,313,228,148,366,293
764,838,182,890,759,756,844,673,627,788,785,765,845,598,895,389,811,776,869,762
765,878,538,883,539,822,639,869,635,844,541,890,290,701,896,678,853,182,862,569
766,555,622,405,416,848,212,792,497,557,607,348,741,283,271,253,376,868,835,248
767,814,648,661,832,569,865,173,131,644,91,129,790,282,662,15,647,876,804,276
768,733,849,716,773,173,367,683,290,794,129,846,567,754,12,852,720,577,732,488
769,173,91,838,276,419,862,290,584,883,333,765,890,15,289,878,159,759,538,846
770,852,137,691,637,822,685,367,577,698,488,720,707,530,773,878,678,569,734,705
771,253,125,68,410,197,741,679,248,210,83,179,612,183,126,67,99,663,284,391
772,825,795,592,656,311,552,279,115,490,190,830,609,362,623,624,724,861,359,645
773,849,716,488,569,846,768,702,878,794,733,720,367,577,852,803,637,700,683,678
774,217,294,213,435,370,467,801,382,324,312,528,280,433,277,301,343,245,191,615
775,801,498,116,195,774,370,382,328,217,628,449,343,312,324,331,294,25,486,576
776,354,759,182,751,756,762,651,890,844,389,811,789,333,673,845,584,739,793,838
777,616,60,517,625,193,608,202,513,78,62,385,269,534,619,599,330,445,76,675
778,879,575,617,569,733,367,731,678,878,865,129,876,585,647,853,567,790,737,693
779,354,751,789,890,882,839,389,182,871,776,651,756,627,845,654,785,558,673,584
780,876,530,647,702,569,581,551,837,737,367,716,539,487,585,733,864,794,879,171
781,725,189,223,614,494,517,743,590,277,269,745,440,195,372,136,79,142,381,30
782,150,755,222,280,458,33,500,421,331,659,343,242,269,781,440,338,9,377,799
783,534,165,338,729,222,240,520,243,401,383,286,313,599,612,494,502,78,310,675
784,892,209,472,747,5,238,797,723,283,813,63,548,180,181,85,757,240,37,260
785,389,627,839,759,890,354,845,776,789,649,762,182,811,642,882,584,751,895,558
786,861,818,880,645,881,825,279,552,875,97,891,596,859,311,359,626,592,724,376
787,519,687,93,20,67,65,179,32,525,141,114,403,410,11,559,99,339,482,477
788,144,547,720,878,639,714,541,290,765,810,849,173,869,764,838,542,182,549,896
789,558,751,673,793,882,584,389,890,651,776,354,333,709,642,739,871,759,127,762
790,129,731,569,276,733,173,826,647,876,853,617,865,767,648,858,567,778,131,814
791,632,275,140,507,34,412,761,39,441,92,209,322,355,535,813,873,819,894,205
792,622,405,219,345,766,278,546,348,56,248,383,679,432,497,232,480,305,112,286
793,789,890,333,673,127,558,584,776,709,751,389,844,354,759,882,762,651,756,845
794,803,702,716,720,849,530,732,698,852,637,773,685,864,577,367,682,768,12,542
795,115,877,699,279,311,623,684,564,238,760,772,594,724,592,551,656,633,589,552
796,3,889,743,16,544,440,223,614,196,534,142,269,445,366,781,481,90,455,71
797,870,153,329,892,646,84,380,5,885,462,208,747,424,408,723,209,508,233,240
798,707,708,822,533,419,770,678,137,878,660,635,276,488,705,691,765,127,289,693
799,520,889,440,372,9,223,781,60,479,269,341,675,494,445,500,377,874,745,455
800,171,257,662,705,877,831,837,571,647,703,669,617,693,674,539,578,853,564,879
801,774,195,312,388,213,334,201,449,498,217,371,382,528,280,381,277,294,812,324
802,680,443,483,724,303,86,376,688,868,186,158,552,105,875,83,87,414,164,50
803,794,637,864,702,698,732,720,581,754,577,773,849,547,541,539,852,896,639,144
804,660,648,767,588,531,650,814,91,879,276,589,129,571,661,115,569,657,703,173
805,696,837,617,262,647,583,585,858,672,806,864,662,888,794,698,41,665,737,171
806,876,853,173,276,129,647,731,567,571,837,733,539,575,569,810,662,826,538,617
807,102,621,170,307,143,287,65,899,295,149,670,854,438,250,293,198,32,527,823
808,594,257,669,171,705,800,877,564,699,837,551,760,662,420,72,831,262,855,703
809,635,700,533,708,765,639,890,822,846,289,701,869,878,290,488,333,871,769,776
810,173,129,290,144,276,12,853,788,838,765,547,538,814,865,768,890,844,806,649
811,759,762,776,673,389,890,354,651,845,739,789,785,333,756,182,751,584,627,844
812,371,388,331,486,312,528,435,201,280,217,25,576,418,470,801,46,370,150,857
813,166,634,761,319,784,297,727,472,209,408,352,747,186,126,44,892,515,741,117
814,767,648,865,662,569,276,129,131,173,876,647,644,832,853,567,733,282,661,571
815,637,685,852,581,803,794,732,702,577,547,698,683,770,542,367,712,530,849,682
816,270,68,400,286,310,197,401,870,305,326,612,243,3,74,874,237,306,27,69
817,832,171,661,256,665,575,572,737,693,623,865,879,674,358,703,594,551,648,842
818,552,875,880,311,724,359,115,592,786,626,279,861,667,825,868,717,795,190,86
819,322,101,172,210,321,664,671,482,125,417,507,126,176,67,99,423,512,122,179
820,295,570,471,143,495,47,670,102,606,108,496,393,10,399,198,349,8,160,353
821,831,602,11,687,352,833,126,20,761,209,632,472,403,515,824,512,535,92,80
822,765,289,678,878,707,734,770,575,354,488,533,635,137,809,691,276,367,541,569
823,559,250,854,527,75,336,356,196,204,307,366,293,438,344,302,108,466,492,580
824,553,831,385,240,76,125,243,554,816,870,400,619,219,512,63,687,647,68,165
825,772,656,624,311,830,795,861,592,724,260,552,818,115,564,868,880,461,279,86
826,173,853,865,15,567,733,569,276,538,878,731,129,790,879,367,678,693,635,876
827,544,17,481,336,469,344,325,274,330,263,234,484,90,176,476,867,562,614,120
828,647,131,665,12,832,814,862,169,129,865,662,583,668,810,767,144,864,569,282
829,180,24,655,283,212,167,23,362,151,270,411,50,604,546,400,424,248,286,472
830,825,868,772,624,190,592,818,609,795,724,279,861,552,880,311,115,564,596,86
831,602,687,209,398,800,11,870,117,126,821,824,413,760,403,521,674,171,352,385
832,665,817,767,865,171,256,661,879,814,662,551,575,405,648,15,657,650,131,586
833,126,179,11,317,398,489,99,524,413,92,352,730,885,664,37,535,508,410,761
834,703,282,662,171,760,665,617,589,648,672,767,647,661,879,41,131,571,832,72
835,555,560,766,563,97,848,861,750,868,557,212,376,607,860,348,337,416,260,497
836,848,868,766,97,560,596,416,563,167,442,607,49,29,881,555,835,180,50,174
837,647,171,585,665,128,565,583,780,617,800,806,864,805,817,879,778,530,662,737
838,182,844,756,865,173,764,759,776,845,131,129,890,276,769,673,290,883,91,878
839,785,389,354,642,882,779,333,751,789,890,811,845,762,739,627,584,558,776,793
840,730,21,92,11,438,507,403,671,126,214,54,22,352,55,163,321,369,524,873
841,200,590,599,7,372,517,60,520,341,373,266,801,330,874,857,136,729,6,781
842,589,817,451,256,171,760,594,877,661,115,648,814,617,564,623,879,104,800,665
843,681,369,508,481,344,65,17,534,90,898,108,494,120,284,375,439,462,71,469
844,756,776,182,838,890,759,673,751,765,882,354,333,793,845,762,651,869,789,739
845,354,776,759,890,762,673,838,756,739,785,389,811,333,182,844,789,642,751,882
846,290,700,678,173,733,488,773,878,883,569,720,538,838,765,849,289,701,876,639
847,360,226,614,6,675,517,608,194,298,494,625,518,4,519,45,544,202,108,590
848,868,50,442,416,212,283,273,607,167,151,623,87,362,279,348,414,424,563,337
849,773,716,720,768,794,290,852,846,803,569,542,878,733,700,732,685,144,788,682
850,299,90,349,293,114,469,898,344,263,431,729,481,102,234,65,484,711,17,67
851,578,800,637,662,530,794,577,705,712,691,698,695,171,702,740,367,803,837,864
852,577,770,685,488,732,637,367,683,720,794,849,773,691,698,549,803,702,705,733
853,173,826,878,733,538,569,731,567,865,647,876,883,129,806,276,678,765,635,539
854,697,221,356,823,580,75,559,307,570,287,336,518,295,302,250,59,204,466,366
855,806,707,650,551,876,703,800,617,367,635,669,731,575,858,257,879,171,173,660
856,449,213,801,381,382,195,774,312,470,528,628,467,116,343,211,436,201,217,371
857,200,331,812,201,46,343,387,328,576,371,124,532,312,177,421,269,280,277,486
858,672,617,790,731,733,876,740,571,367,806,794,737,778,834,879,683,256,647,257
859,564,594,657,650,15,703,279,358,661,665,674,115,693,699,623,552,72,817,865
860,140,724,216,41,760,128,592,875,72,115,647,665,736,653,551,623,832,58,863
861,786,880,279,97,881,825,818,868,623,724,772,859,552,596,875,592,311,376,721
862,883,539,769,159,765,15,865,878,538,647,173,853,814,276,575,650,661,838,129
863,133,591,588,41,572,860,158,256,633,699,648,760,672,140,795,551,586,669,171
864,803,702,581,794,171,547,716,637,647,542,144,569,530,837,888,662,577,698,876
865,131,173,650,661,15,838,826,814,159,129,567,569,575,853,693,647,832,276,878
866,656,643,645,603,653,669,592,825,216,552,772,115,566,238,138,795,717,633,891
867,336,325,366,492,481,527,742,155,544,344,484,302,196,529,323,898,228,90,70
868,86,442,848,279,87,88,592,596,260,115,830,564,50,795,861,623,443,724,552
869,765,878,182,759,539,838,844,890,276,541,853,538,635,809,776,720,290,883,788
870,646,306,197,68,208,757,408,427,816,240,477,63,398,350,73,85,874,400,391
871,882,789,751,890,389,776,182,844,654,673,627,779,584,354,756,639,333,785,651
872,865,661,91,650,838,575,693,129,790,703,131,722,173,159,769,290,879,767,358
873,507,126,11,101,92,426,894,713,210,398,489,275,752,508,99,232,179,55,120
874,93,326,341,599,313,534,372,73,65,625,494,263,189,464,344,870,71,330,816
875,552,589,115,724,626,279,483,667,699,818,591,531,303,561,657,588,690,859,623
876,569,367,733,647,878,173,567,806,702,883,780,853,581,661,129,617,539,731,814
877,171,451,564,800,703,699,256,669,308,551,257,795,617,662,115,760,138,623,594
878,765,883,569,539,538,678,853,876,720,869,822,567,290,367,173,788,846,276,635
879,693,661,575,617,674,778,256,567,569,865,257,826,539,876,650,648,551,853,647
880,861,818,881,552,279,786,596,875,359,795,690,825,868,592,564,311,645,724,859
881,279,880,861,552,596,875,592,623,786,645,868,721,97,818,359,825,848,564,772
882,389,789,751,558,651,673,871,584,739,776,354,890,759,756,844,333,540,627,762
883,878,538,765,569,862,539,276,876,129,846,853,838,290,173,769,678,567,733,826
884,11,197,398,426,68,284,306,208,39,270,870,546,348,408,337,122,40,816,507
885,117,515,403,209,610,37,270,646,730,391,408,747,524,40,11,317,329,664,109
886,333,584,890,776,389,789,762,739,751,354,708,811,673,651,558,845,759,793,728
887,313,263,65,130,385,850,681,293,543,299,114,326,20,149,344,469,7,763,93
888,581,864,803,702,547,837,794,530,754,737,682,780,542,876,585,573,367,716,144
889,494,341,440,4,223,79,30,520,372,614,17,675,799,796,455,71,277,189,745
890,759,673,182,789,751,776,793,354,756,584,844,785,845,811,389,333,882,762,838
891,786,880,645,818,566,552,603,825,866,376,626,690,57,561,724,875,115,311,667
892,784,472,209,797,84,63,548,184,240,747,181,885,283,870,535,153,68,352,180
893,523,520,266,234,799,350,874,383,436,344,506,601,267,590,372,71,401,745,502
894,507,398,92,761,394,126,873,426,11,39,884,284,166,117,408,210,833,317,172
895,759,785,890,844,756,776,389,182,762,627,673,649,811,354,882,793,765,839,587
896,639,541,765,878,144,595,853,549,803,685,581,539,635,577,852,883,788,702,637
897,711,440,9,225,79,455,719,344,506,90,527,520,106,374,189,30,267,323,481
898,746,481,204,366,108,484,17,90,518,748,70,466,519,323,18,120,228,544,155
899,287,102,59,307,854,670,807,356,250,621,228,221,823,344,295,320,559,336,495
