0,477,648,307,473,589,666,395,299,431,876,682,413,4,424,714,75,864,525,63
1,762,649,280,334,785,331,498,587,463,516,127,839,264,328,2,779,343,387,418
2,516,386,498,127,267,343,779,759,264,150,467,211,377,387,266,200,418,382,300
3,457,263,310,748,74,675,397,635,889,878,744,193,539,687,773,274,146,366,326
4,296,431,432,108,344,898,567,864,477,48,427,768,434,876,226,35,513,874,559
5,561,548,687,831,347,591,101,329,521,358,780,54,442,122,705,669,218,11,40
6,142,614,869,889,108,165,372,494,748,234,675,193,326,74,878,182,454,404,432
7,338,445,331,234,781,799,871,796,869,562,372,135,844,751,711,675,541,649,639
8,495,606,712,402,295,307,682,570,143,526,529,803,347,823,353,170,47,697,637
9,743,223,520,745,455,13,195,269,213,333,659,841,756,62,392,673,445,76,30
10,867,763,827,469,697,823,206,770,492,544,570,495,323,143,754,320,529,45,263
11,508,610,210,410,179,438,96,687,82,403,237,885,537,646,14,426,660,524,507
12,810,538,878,330,344,790,581,733,846,683,814,165,706,346,720,547,648,597,91
13,381,106,470,528,213,301,177,628,449,195,743,201,627,882,435,328,642,9,46
14,494,17,660,748,385,35,742,675,96,874,11,646,90,534,678,165,489,757,375
15,661,771,51,879,48,125,657,816,752,585,401,96,660,68,208,273,232,426,747
16,874,344,385,748,165,45,357,742,494,99,17,599,843,20,223,336,757,197,870
17,14,494,344,742,534,874,748,20,96,619,613,223,375,678,385,90,298,18,485
18,454,614,481,234,17,65,675,189,385,534,226,341,746,748,619,484,71,344,223
19,271,401,112,232,608,243,151,876,383,194,601,497,78,278,865,174,74,612,48
20,344,602,464,806,874,17,149,744,870,45,99,410,731,385,398,52,469,742,357
21,406,37,22,403,391,761,556,808,664,398,507,669,410,117,438,92,657,214,760
22,417,21,698,37,166,438,403,808,332,66,117,727,634,82,633,11,406,437,885
23,151,316,865,360,182,125,661,48,612,305,546,114,693,146,15,829,553,778,383
24,209,829,283,44,253,72,514,172,607,128,42,585,39,208,248,80,535,50,86
25,312,370,94,294,418,775,300,540,576,839,239,486,343,272,433,388,532,211,467
26,484,226,714,788,628,4,327,764,230,62,841,76,494,144,342,534,745,869,625
27,278,395,864,85,141,716,567,439,224,284,477,114,773,305,413,767,296,666,208
28,233,11,521,508,748,687,878,55,263,501,54,14,635,870,678,149,103,344,740
29,159,546,489,411,604,123,111,607,183,167,575,109,286,42,298,69,181,879,657
30,745,341,234,62,743,454,659,223,889,890,841,455,440,520,404,281,195,614,522
31,877,669,591,54,238,633,717,531,682,840,254,831,122,634,171,664,158,551,561
32,439,477,224,204,139,221,108,356,716,179,581,438,754,888,48,244,318,369,52
33,409,781,659,882,743,479,445,642,234,890,776,106,725,812,745,799,440,13,756
34,72,376,205,44,140,98,737,461,21,308,552,633,451,406,813,808,664,831,653
35,660,878,874,165,494,385,757,647,344,748,870,731,675,678,14,290,733,581,173
36,57,253,98,128,359,661,771,262,209,319,72,657,724,15,680,140,535,585,132
37,727,837,410,406,761,760,894,657,403,391,556,398,885,515,297,634,83,181,663
38,572,456,308,190,860,784,424,877,154,592,275,589,629,413,552,688,875,842,665
39,663,128,832,653,42,884,444,319,604,724,37,253,583,209,736,426,72,760,565
40,780,831,477,681,519,367,524,439,427,716,244,179,101,413,873,304,664,208,647
41,875,617,126,831,256,680,567,413,507,557,85,87,490,208,477,284,72,664,716
42,585,489,253,426,514,96,348,210,752,39,128,661,209,879,657,778,132,604,535
43,637,800,578,54,31,137,170,495,332,321,149,22,417,347,582,143,730,723,548
44,72,98,283,209,817,172,737,376,632,490,552,661,680,208,461,260,585,535,564
45,99,344,469,898,602,165,748,619,385,431,870,874,843,876,731,102,827,534,75
46,227,191,389,217,124,470,106,201,627,651,584,13,886,25,331,642,774,277,312
47,495,302,887,399,349,685,228,815,295,823,393,849,496,547,384,770,852,577,307
48,251,661,426,208,125,15,816,879,284,778,179,35,585,729,99,716,296,780,601
49,786,881,603,249,818,283,607,209,861,560,24,830,880,553,50,405,56,592,772
50,405,248,56,553,283,735,253,623,208,715,771,24,829,337,42,585,737,661,279
51,15,771,747,48,251,661,174,487,208,414,248,125,171,284,778,413,359,408,879
52,99,507,702,197,314,477,208,369,410,426,534,403,431,462,398,439,284,613,873
53,768,85,299,278,887,580,864,466,849,601,547,484,145,697,276,75,194,346,876
54,163,740,255,780,831,332,347,681,321,318,530,521,329,122,438,581,524,40,803
55,233,691,149,521,54,687,501,28,705,163,11,321,637,740,631,805,508,137,438
56,50,283,553,253,865,248,208,771,715,271,405,824,112,829,661,560,296,316,24
57,36,657,253,680,87,661,98,410,72,446,319,564,461,604,514,690,684,358,552
58,653,724,72,443,376,172,832,128,140,552,86,275,126,860,406,875,216,511,665
59,185,549,704,325,701,676,242,543,225,899,148,289,516,258,241,428,807,706,683
60,281,277,445,372,455,169,79,392,474,711,651,274,234,796,708,341,765,324,871
61,304,773,687,713,114,439,179,305,740,40,702,831,780,631,11,103,401,339,647
62,745,234,30,841,743,341,659,454,756,223,339,614,455,385,373,375,638,78,290
63,662,771,284,296,525,67,171,413,408,672,112,224,426,314,477,487,72,51,834
64,93,484,71,769,729,276,534,341,460,662,494,196,65,226,165,745,841,290,194
65,114,232,99,878,284,494,748,179,879,67,534,68,385,96,675,165,123,208,93
66,82,11,508,698,20,438,885,96,417,744,214,794,163,357,344,197,255,870,398
67,68,120,284,314,524,99,171,662,771,426,65,876,93,780,232,678,681,408,45
68,67,270,99,816,426,120,524,197,96,314,408,82,879,65,678,843,876,284,15
69,816,604,489,447,657,181,197,369,613,400,410,757,426,879,446,298,99,123,314
70,225,230,192,320,110,639,827,638,711,336,542,541,683,625,228,323,536,676,796
71,494,341,534,675,484,290,748,234,375,481,700,635,619,136,614,385,401,18,889
72,737,443,753,552,44,413,376,875,115,490,98,831,128,873,461,487,817,172,256
73,193,878,182,263,538,660,6,3,675,409,748,846,889,479,136,326,165,790,95
74,675,432,146,748,179,876,310,494,462,865,439,3,780,103,383,232,612,601,273
75,580,754,484,145,534,854,898,746,768,250,647,788,299,45,876,783,356,395,344
76,520,590,628,223,659,502,327,756,743,725,269,234,781,799,844,90,62,226,673
77,505,696,632,335,566,322,115,407,451,98,425,840,34,51,376,674,72,44,671
78,341,234,136,675,614,454,889,91,484,788,194,290,202,764,62,339,838,342,35
79,372,474,445,765,281,796,274,142,404,455,614,745,234,454,60,711,323,889,341
80,209,551,24,490,44,657,72,690,283,42,128,376,98,319,406,684,461,348,172
81,117,757,181,738,35,197,804,703,744,657,678,874,660,310,14,855,806,218,508
82,66,417,403,698,11,537,314,68,508,99,96,197,398,117,707,524,120,678,67
83,181,515,398,117,806,410,262,37,186,87,403,657,489,703,731,406,617,197,507
84,855,11,181,210,358,237,693,96,125,14,703,660,804,153,612,159,401,508,82
85,278,601,729,53,299,567,768,647,876,864,35,27,617,93,276,395,114,660,261
86,443,115,875,753,72,552,860,737,461,592,413,376,51,589,551,140,818,208,308
87,617,83,660,804,41,680,490,117,85,410,657,760,567,477,358,780,11,181,731
88,309,661,601,15,146,125,432,650,401,689,273,171,48,51,831,278,862,85,305
89,109,411,183,546,159,29,575,657,604,489,42,235,14,610,96,357,123,748,310
90,223,485,625,844,494,344,874,17,638,375,742,14,502,534,76,269,590,799,336
91,78,846,660,165,883,35,341,290,339,878,346,342,889,173,876,263,647,790,273
92,885,438,821,873,37,406,663,214,403,426,99,297,761,894,808,837,696,515,408
93,771,114,194,484,284,67,729,278,65,64,85,48,232,165,305,208,15,534,752
94,312,294,370,211,239,540,272,300,775,576,486,25,615,343,418,433,150,467,175
95,846,889,182,234,659,748,743,193,494,30,226,481,165,6,78,62,890,745,614
96,426,125,585,210,68,879,778,408,752,508,11,816,489,14,17,270,197,99,646
97,861,607,830,555,835,881,546,279,560,596,722,772,721,405,553,848,50,29,655
98,44,72,376,209,552,140,663,36,664,406,128,253,761,696,319,311,632,443,653
99,197,843,45,426,879,68,314,816,52,431,67,367,65,870,524,647,602,731,733
100,140,216,717,98,275,72,376,308,407,322,656,420,552,761,205,791,128,34,724
101,507,831,519,413,716,819,40,347,439,780,737,664,395,224,477,122,208,244,427
102,45,527,250,344,336,733,99,706,542,843,702,803,439,606,754,854,356,870,602
103,179,678,646,675,74,660,780,748,878,35,439,647,65,733,773,767,494,146,263
104,413,589,519,424,112,842,875,531,427,716,283,665,395,767,737,477,497,278,518
105,367,814,158,551,834,602,682,303,524,647,617,413,171,352,747,648,431,669,662
106,201,470,440,124,642,389,13,227,627,217,381,191,584,776,897,449,46,743,882
107,629,784,656,308,38,275,717,31,842,265,158,115,688,591,669,633,875,216,819
108,344,874,432,369,326,878,748,165,434,494,6,870,427,45,35,4,731,567,32
109,159,181,29,310,111,81,728,411,575,748,489,650,641,14,123,350,678,757,657
110,252,230,454,484,763,867,323,522,75,192,18,492,754,746,481,30,144,536,827
111,489,123,369,146,733,650,29,462,298,344,878,410,546,181,108,35,109,641,874
112,771,271,497,296,413,395,518,208,224,519,232,15,477,427,898,48,432,278,567
113,719,620,324,774,331,871,639,281,474,378,445,60,541,812,277,711,79,7,896
114,305,65,232,93,401,208,494,35,278,534,439,426,179,612,146,771,284,304,48
115,72,86,552,753,443,140,376,860,875,413,589,737,551,126,308,818,592,128,461
116,516,785,486,2,463,264,211,498,267,587,150,382,839,94,127,386,200,343,418
117,186,181,398,367,255,214,731,403,657,83,417,81,507,197,452,853,306,82,431
118,853,350,117,431,874,602,469,731,648,82,744,306,344,20,452,197,255,599,313
119,474,852,206,719,392,896,765,281,247,577,708,9,745,455,826,449,496,710,544
120,67,68,524,318,681,426,99,82,45,284,843,780,408,171,873,114,716,771,179
121,95,846,889,78,145,193,234,62,700,659,339,743,91,454,281,341,460,745,71
122,831,780,413,284,171,524,716,477,617,256,408,837,507,126,101,40,67,54,367
123,298,183,410,604,208,65,494,879,69,232,752,426,96,489,585,660,816,575,17
124,389,227,584,886,46,217,470,191,106,201,642,479,651,277,440,333,627,533,882
125,96,585,612,426,778,661,879,48,208,210,284,15,401,816,535,514,771,369,884
126,664,873,413,253,407,406,284,726,208,696,41,837,556,507,551,888,275,426,477
127,387,264,498,150,267,558,343,789,779,211,382,386,421,266,2,576,300,785,839
128,253,760,884,72,39,209,140,42,653,832,657,724,556,297,672,585,551,98,37
129,232,613,484,75,304,395,173,534,15,729,114,367,278,675,771,567,876,525,648
130,436,496,899,878,638,581,261,559,790,12,339,330,263,676,536,240,145,344,849
131,865,395,278,432,767,304,202,716,824,601,273,305,271,569,715,383,427,773,439
132,535,317,873,585,426,125,408,96,489,42,262,885,884,657,741,507,703,778,369
133,181,186,262,588,257,489,352,550,138,297,355,410,837,501,132,507,571,535,37
134,818,750,592,552,443,490,461,311,753,413,72,551,359,653,875,283,44,665,737
135,7,708,310,796,445,822,372,844,79,855,338,799,765,675,711,385,635,756,81
136,675,614,78,193,234,341,494,889,660,114,62,454,366,71,274,142,777,339,401
137,233,800,637,770,744,55,698,66,691,28,521,495,11,54,508,707,822,82,43
138,352,705,687,610,82,181,163,186,669,11,501,805,837,54,403,551,508,698,257
139,439,221,746,366,32,854,457,204,45,581,748,18,179,898,559,534,17,344,353
140,552,443,376,128,72,115,653,461,98,737,665,860,413,308,760,592,86,275,407
141,864,787,666,27,525,395,278,580,194,888,307,284,318,662,75,53,672,477,85
142,454,614,404,234,6,366,517,889,445,274,281,327,341,372,136,78,890,869,62
143,899,823,754,54,353,770,163,637,702,263,10,691,221,495,803,149,685,529,867
144,454,460,841,62,614,252,788,30,339,341,323,234,768,281,290,745,110,700,764
145,75,330,883,228,356,263,339,534,768,638,889,754,823,869,517,484,366,439,773
146,273,675,74,748,733,432,773,383,660,650,232,427,494,35,749,462,114,439,65
147,851,8,149,321,353,170,730,501,332,143,259,694,712,214,578,61,606,156,695
148,704,247,185,710,328,258,516,701,325,59,638,545,856,543,293,600,549,336,354
149,20,899,702,332,163,698,82,501,691,805,55,807,417,214,170,398,524,803,102
150,387,343,421,386,127,211,382,300,558,264,576,370,272,433,418,467,312,615,266
151,316,865,248,360,611,23,125,608,847,271,661,208,383,816,771,48,182,123,19
152,630,387,150,576,779,343,789,377,370,266,127,300,386,421,272,382,857,558,433
153,635,675,660,773,193,71,14,35,136,341,263,687,3,748,310,846,700,401,397
154,665,572,499,141,413,424,275,640,877,27,395,511,38,284,423,666,101,784,525
155,466,614,534,375,742,341,455,263,454,494,889,223,290,196,165,619,18,330,75
156,417,438,515,403,22,406,694,37,214,805,149,21,92,664,794,332,808,501,430
157,588,817,680,814,146,442,477,767,122,427,273,865,413,303,831,833,208,733,661
158,648,367,105,731,117,814,617,602,876,427,530,780,531,303,186,853,255,256,452
159,878,660,675,310,182,35,748,804,400,109,650,29,575,879,494,678,862,612,14
160,647,295,495,40,307,299,75,581,682,787,768,898,547,367,302,843,519,395,746
161,251,617,524,48,208,426,771,99,873,367,647,661,585,408,171,93,40,317,831
162,35,846,758,635,878,91,375,660,326,153,263,182,874,240,748,339,459,773,494
163,54,318,805,702,332,82,691,823,149,794,687,521,681,524,32,438,698,682,255
164,489,604,181,703,69,42,684,410,564,337,369,262,507,319,257,680,83,657,398
165,878,748,344,35,385,494,290,538,874,45,742,619,898,263,226,330,757,534,876
166,594,761,417,82,892,398,747,634,699,698,314,727,368,885,22,669,394,515,884
167,872,159,337,29,348,650,69,655,489,693,604,612,164,123,847,703,816,804,42
168,99,426,68,314,575,535,210,304,879,646,67,123,816,262,248,214,17,369,232
169,372,777,668,193,60,78,397,274,869,6,202,342,234,281,339,341,651,889,136
170,794,214,332,682,149,54,163,606,803,495,318,417,255,438,530,244,268,805,82
171,67,284,662,876,780,487,831,413,122,68,647,771,817,52,873,15,477,63,551
172,487,72,44,737,208,672,253,408,585,248,128,51,661,283,284,209,98,322,771
173,731,874,494,660,367,35,876,870,567,844,804,733,748,613,617,290,385,534,678
174,414,51,208,278,271,248,112,771,93,395,661,171,48,251,689,487,497,553,413
175,294,370,94,615,775,312,239,576,540,211,300,433,382,467,272,245,532,343,801
176,481,422,346,165,581,597,768,504,360,18,614,226,326,790,647,454,263,878,65
177,13,301,528,743,756,659,213,62,381,277,269,781,776,651,327,673,841,470,445
178,67,120,394,723,519,415,524,68,170,45,40,105,426,780,171,63,497,329,322
179,780,103,11,74,210,748,48,426,439,65,646,410,879,678,647,114,401,125,40
180,583,203,514,657,604,661,42,125,585,348,337,610,655,703,69,164,489,24,607
181,489,117,703,83,657,410,806,641,398,69,650,804,537,575,604,257,515,646,262
182,675,878,756,748,494,614,846,660,165,35,659,327,193,273,290,234,95,159,78
183,123,585,348,96,410,604,489,679,879,209,210,426,535,125,752,778,42,14,575
184,425,566,22,657,37,21,11,760,403,634,610,254,727,551,840,684,664,537,667
185,701,704,543,59,293,545,148,241,325,685,807,899,542,549,464,247,287,676,809
186,117,669,802,214,507,633,594,727,634,813,83,501,181,398,329,403,367,158,255
187,728,855,411,181,489,257,109,29,289,380,806,641,703,538,893,660,111,757,241
188,857,387,343,386,587,377,418,300,839,498,267,779,458,576,127,264,421,150,895
189,614,290,269,223,675,62,18,385,590,745,742,234,481,781,226,725,494,30,341
190,531,265,877,842,875,589,424,413,379,442,591,561,451,115,86,477,780,569,376
191,217,46,227,389,124,106,470,201,277,13,774,627,324,651,239,642,312,584,294
192,527,336,854,75,492,827,221,754,323,638,230,356,867,110,580,45,206,320,196
193,675,136,73,339,366,372,889,614,846,777,182,274,234,878,454,397,6,263,869
194,278,93,78,580,484,395,360,114,768,729,517,466,518,454,749,305,716,141,898
195,30,628,13,745,449,743,213,659,455,9,62,223,841,381,234,756,445,520,373
196,318,454,366,854,580,827,534,155,492,221,849,898,544,341,206,466,323,299,404
197,99,870,757,879,398,731,68,816,52,69,400,165,431,344,874,369,602,426,878
198,8,393,384,47,577,712,399,618,807,852,637,402,495,143,295,685,570,55,621
199,403,525,646,52,556,702,391,410,870,477,806,439,254,425,11,284,65,32,20
200,759,2,516,386,377,267,498,266,150,523,382,127,343,486,387,418,857,558,587
201,470,642,106,389,882,440,124,627,449,227,217,776,584,46,381,191,13,528,812
202,777,614,274,78,342,278,773,675,383,432,136,146,838,454,131,114,263,601,27
203,604,489,181,657,69,585,183,132,446,262,410,680,369,575,283,741,319,663,703
204,32,139,898,466,544,742,108,746,221,439,729,75,20,754,682,438,263,874,534
205,98,376,44,34,209,684,212,319,632,511,72,262,140,663,461,552,653,260,550
206,323,492,763,827,867,469,544,252,638,823,196,330,326,454,10,192,263,404,366
207,235,135,500,728,751,109,844,756,81,799,354,755,739,445,822,222,796,14,738
208,426,232,585,771,661,284,48,879,253,413,487,395,52,125,778,283,114,248,427
209,128,98,283,253,44,604,24,42,551,183,80,72,663,657,208,837,535,607,39
210,410,96,426,11,585,125,179,535,879,778,253,604,42,771,284,646,68,489,237
211,370,343,300,264,94,421,312,150,433,486,387,576,127,272,386,294,239,382,558
212,461,44,283,376,50,860,632,172,205,552,735,248,98,623,72,824,665,279,209
213,455,13,743,445,195,449,277,392,435,745,628,177,841,673,659,62,9,381,390
214,117,329,398,186,82,417,170,794,255,438,507,530,367,20,181,332,780,664,669
215,318,773,691,746,353,687,495,794,356,163,170,681,840,261,849,682,54,32,521
216,311,275,407,376,551,724,552,761,511,420,72,319,406,863,664,98,126,443,669
217,191,389,227,46,124,470,106,277,584,201,651,774,642,324,886,627,13,333,440
218,733,731,521,678,853,367,876,117,748,326,647,588,602,524,780,255,35,874,870
219,865,283,737,661,112,716,817,413,680,429,337,208,553,271,256,427,715,567,824
220,598,715,553,574,282,622,146,383,194,865,271,316,749,616,131,432,560,864,405
221,854,754,580,898,139,823,559,75,746,32,768,196,192,527,366,457,581,45,439
222,500,377,498,267,266,739,759,2,782,516,789,200,845,467,371,779,418,811,127
223,745,90,659,742,743,269,520,781,375,455,756,485,874,344,725,76,30,234,385
224,439,477,32,413,567,771,112,888,253,27,737,525,101,129,296,63,427,824,664
225,70,676,639,638,545,719,506,827,325,549,320,683,59,192,336,685,330,899,247
226,344,534,165,494,223,898,17,18,234,375,484,874,93,659,76,757,625,327,35
227,46,124,191,389,217,470,106,201,584,886,651,642,627,440,277,13,479,300,333
228,281,356,378,145,823,889,75,638,349,330,547,492,854,302,375,754,341,339,47
229,763,323,492,481,867,827,206,192,318,823,454,196,263,10,139,849,143,353,536
230,110,788,234,404,628,454,638,625,252,192,18,484,827,714,75,534,70,323,327
231,457,193,263,748,310,635,274,481,846,614,375,182,878,889,597,454,366,675,139
232,208,114,65,284,395,426,367,661,427,410,129,876,567,780,477,305,146,613,314
233,28,55,521,508,54,635,263,501,687,691,137,11,678,878,218,773,887,326,581
234,659,62,445,454,889,743,30,341,614,78,745,339,375,756,890,869,142,223,675
235,207,89,187,728,81,181,109,135,855,657,510,411,703,690,380,806,310,489,575
236,641,403,472,837,406,556,833,537,391,740,181,410,21,257,332,37,695,262,489
237,11,675,748,210,494,96,181,878,646,650,74,17,197,69,410,870,398,385,660
238,877,31,780,561,669,451,190,591,5,214,233,413,54,551,831,358,477,87,664
239,312,294,370,576,94,433,272,300,343,532,540,211,418,421,264,175,467,615,25
240,462,35,52,439,702,559,477,567,369,507,427,878,581,284,344,534,657,32,733
241,543,293,807,185,325,464,899,621,545,720,289,704,683,59,701,549,685,676,706
242,289,59,241,185,798,509,701,676,899,225,510,809,428,595,853,706,807,549,149
243,401,305,19,114,93,771,778,112,232,125,48,271,884,194,661,304,67,672,873
244,40,664,682,32,438,602,52,873,367,477,101,794,250,681,439,507,256,224,413
245,433,709,312,294,370,576,382,272,421,558,615,343,239,418,300,388,467,540,266
246,128,653,556,407,140,253,724,72,832,443,58,726,760,406,275,126,63,525,292
247,325,148,704,516,506,328,638,893,330,258,336,455,628,543,223,845,549,796,354
248,208,771,405,829,679,283,50,426,151,585,51,553,337,408,125,661,232,736,865
249,283,209,44,472,210,98,24,632,362,603,179,248,51,335,72,585,260,791,172
250,344,75,524,843,367,749,702,534,99,52,102,439,146,395,773,647,45,65,876
251,48,161,51,771,585,208,487,778,93,125,661,284,15,426,408,716,171,63,52
252,454,110,763,323,536,366,281,144,75,206,145,492,522,230,869,517,481,580,788
253,771,426,752,208,585,128,126,657,296,42,283,741,210,209,760,661,15,224,778
254,556,477,831,760,407,837,664,284,391,303,332,403,352,551,126,199,864,682,425
255,117,329,744,731,403,658,507,54,702,521,367,469,332,508,214,20,82,870,780
256,413,617,875,737,817,567,507,72,680,367,427,477,41,490,122,831,873,171,813
257,181,489,391,410,641,11,37,703,806,403,727,117,657,705,698,291,508,684,472
258,325,545,676,336,549,542,854,148,704,192,638,247,810,330,293,527,543,807,287
259,423,101,332,664,275,475,122,441,831,819,591,154,413,477,499,407,406,780,254
260,44,535,514,583,98,209,362,72,36,565,684,406,262,679,172,552,680,253,340
261,790,581,346,647,35,85,773,339,849,91,883,648,299,145,887,330,660,814,842
262,680,661,837,403,410,879,646,181,741,398,83,585,535,446,426,489,367,408,507
263,889,326,878,457,748,341,823,614,742,385,290,3,310,481,849,773,323,675,165
264,343,387,211,127,421,150,370,498,382,267,418,558,300,386,486,433,576,312,839
265,190,531,842,877,31,379,424,589,561,591,171,451,875,688,376,308,483,442,633
266,789,343,558,387,418,779,467,433,421,127,386,382,300,388,150,576,498,377,264
267,498,127,387,377,516,264,150,523,386,2,343,558,458,421,382,211,779,266,418
268,320,529,823,794,495,899,149,356,170,163,807,545,541,803,682,637,639,702,744
269,590,223,781,520,725,755,756,844,799,189,76,327,659,742,628,90,485,62,745
270,68,816,96,679,197,879,426,291,489,99,69,125,408,524,348,778,67,757,210
271,112,427,567,432,497,208,865,413,232,661,296,477,395,557,447,48,278,19,834
272,312,294,576,370,300,239,343,433,94,211,386,150,421,709,418,540,387,532,615
273,146,650,432,427,767,733,383,448,878,865,675,74,15,182,879,462,660,748,588
274,614,397,454,202,777,675,142,281,193,445,366,310,372,290,136,234,481,341,492
275,216,407,664,308,552,784,126,406,72,322,860,819,311,413,696,376,461,98,592
276,484,85,299,341,53,729,647,93,534,883,768,876,787,601,769,648,129,625,864
277,774,392,435,324,651,217,389,60,871,331,445,584,213,301,124,449,474,333,191
278,395,601,85,194,729,432,27,768,114,93,864,208,439,48,567,305,749,202,232
279,848,623,564,868,248,680,50,44,446,872,125,208,661,715,283,210,212,362,337
280,334,433,421,370,343,300,312,1,211,576,294,762,331,418,386,239,272,266,467
281,228,454,889,378,234,341,455,492,330,638,30,375,142,614,274,440,404,323,62
282,271,557,865,447,834,497,567,427,232,35,661,208,432,617,680,729,477,613,434
283,413,44,208,661,253,248,680,209,771,585,557,865,426,737,427,72,125,24,716
284,67,426,314,208,296,232,662,171,524,413,65,408,585,48,410,771,125,99,780
285,306,525,724,556,314,431,892,834,760,672,503,747,63,551,497,128,657,296,752
286,879,123,878,546,597,622,125,752,182,208,183,35,748,410,146,369,65,69,232
287,469,336,602,330,874,625,527,638,344,488,547,534,356,542,670,295,20,544,102
288,609,490,319,132,552,684,335,180,311,134,362,645,44,209,260,98,818,203,880
289,509,809,267,798,222,893,242,241,500,701,759,59,200,498,538,739,516,2,185
290,341,385,165,534,675,263,748,869,619,889,494,481,614,742,454,635,484,35,234
291,879,197,870,11,68,410,181,270,757,489,537,391,678,641,96,82,183,426,179
292,253,246,653,376,128,209,461,140,126,98,308,750,657,24,592,58,664,72,551
293,325,543,241,545,185,807,701,549,720,685,621,464,704,899,258,287,683,676,488
294,312,239,94,370,272,576,433,540,532,418,300,343,467,211,388,386,25,615,801
295,302,307,685,495,570,349,547,854,47,754,887,580,221,712,160,770,287,496,356
296,284,4,208,48,112,253,477,271,771,567,413,232,778,63,556,426,15,585,123
297,761,690,37,128,884,92,39,311,319,98,394,209,352,663,837,72,873,747,406
298,123,69,17,489,410,494,197,400,613,806,99,226,426,14,20,757,575,96,874
299,876,647,768,887,313,341,85,580,581,484,330,75,849,889,469,883,346,517,898
300,370,343,576,211,312,418,421,433,387,294,386,272,239,150,94,558,264,779,467
301,13,177,277,470,435,528,774,812,381,392,217,324,106,191,642,711,201,449,651
302,547,887,295,349,47,228,768,580,823,685,854,299,221,570,281,196,889,849,263
303,551,875,477,814,427,567,647,834,617,557,434,367,876,680,531,158,760,105,208
304,773,401,647,114,40,129,232,146,305,439,61,427,613,477,99,367,67,74,131
305,114,612,232,401,278,125,661,146,304,93,767,179,65,48,27,771,395,426,129
306,431,760,314,117,858,731,870,556,20,757,410,613,503,403,648,477,884,834,806
307,295,854,580,318,495,581,75,299,682,746,864,787,473,221,542,141,754,402,45
308,784,629,461,275,552,72,737,376,753,140,875,413,877,592,115,256,443,86,819
309,661,862,15,675,48,601,401,125,432,146,35,612,129,773,397,660,816,290,88
310,675,748,263,878,74,494,3,678,660,35,462,869,397,159,457,635,274,385,165
311,216,724,319,551,552,761,863,376,134,490,275,571,98,72,634,653,802,594,669
312,294,370,239,94,418,272,343,300,433,576,540,211,467,532,25,382,386,388,421
313,299,330,469,165,827,625,849,883,898,876,323,385,599,45,619,484,336,318,344
314,431,67,99,284,426,68,398,503,52,884,82,306,410,525,834,232,613,197,771
315,592,860,308,461,552,629,140,275,443,753,653,791,72,737,246,784,572,100,86
316,151,383,865,608,611,847,360,202,23,271,598,146,305,715,432,675,612,56,273
317,408,524,132,873,426,885,585,96,837,741,515,884,284,661,535,262,894,208,610
318,681,120,163,849,746,196,307,284,898,439,581,45,787,353,534,32,524,54,299
319,311,724,262,550,663,760,39,376,37,604,684,761,551,98,128,216,314,490,410
320,268,823,495,529,469,192,541,899,356,867,70,638,827,545,639,228,527,287,10
321,54,332,353,780,347,521,723,530,126,139,101,740,664,149,581,507,318,179,143
322,696,873,487,671,275,72,407,664,819,761,406,863,172,126,438,340,831,415,216
323,206,492,454,481,889,263,788,638,827,469,745,867,404,744,614,326,385,234,290
324,774,331,277,871,812,217,651,113,389,191,435,46,106,60,227,449,445,392,7
325,293,543,258,549,247,545,59,704,185,241,330,676,685,810,807,12,683,148,638
326,263,826,878,889,108,846,35,748,469,614,385,165,323,870,874,330,744,538,481
327,76,619,494,725,182,756,223,628,234,844,290,269,454,142,62,788,614,659,781
328,354,418,371,654,856,467,382,498,343,801,386,377,739,516,264,312,300,266,839
329,255,214,117,54,780,885,186,218,507,658,831,68,122,426,524,873,797,11,398
330,638,469,336,827,625,165,313,145,12,341,339,290,375,299,527,883,281,263,889
331,774,324,7,871,651,277,280,751,1,334,445,113,812,649,762,46,106,227,338
332,417,403,54,837,530,255,163,803,556,149,82,406,321,582,170,664,723,314,122
333,651,584,886,389,890,392,479,743,776,124,277,673,708,440,217,372,9,642,227
334,280,762,1,312,245,382,331,433,467,418,370,388,576,294,343,239,387,540,300
335,684,610,209,535,42,34,512,36,514,128,260,44,210,72,24,249,585,80,487
336,330,527,827,625,192,874,854,638,469,223,706,344,287,375,102,90,870,313,45
337,248,661,42,680,123,650,604,208,564,585,646,253,69,262,679,209,164,816,408
338,7,234,445,675,781,756,844,274,799,62,711,327,700,869,494,310,290,796,562
339,234,638,889,341,193,846,481,62,385,330,145,454,375,619,165,878,883,78,869
340,406,696,101,535,687,322,507,11,664,873,126,407,210,837,610,671,44,172,72
341,889,290,30,635,263,614,484,234,78,375,745,619,62,846,454,71,700,385,339
342,513,202,432,78,889,91,273,768,145,278,346,788,597,146,35,601,675,660,614
343,418,300,387,386,421,576,433,370,211,264,312,558,150,266,127,272,382,779,294
344,874,45,165,757,534,878,17,742,464,20,870,226,602,731,357,35,108,223,733
345,553,715,56,50,623,219,737,248,172,480,865,499,824,305,212,405,283,563,487
346,790,887,261,889,581,165,597,299,768,849,339,481,263,330,91,647,176,78,341
347,101,682,54,780,831,40,122,740,321,794,681,171,716,413,487,244,5,32,477
348,183,96,42,585,816,752,879,125,741,426,489,69,661,123,604,14,679,408,270
349,302,887,547,770,228,295,732,281,47,768,823,734,746,221,196,496,155,577,263
350,874,731,870,173,344,385,757,678,464,485,853,625,118,742,462,822,99,117,90
351,600,853,809,542,648,344,720,325,731,439,35,102,4,870,527,469,826,240,549
352,594,873,837,884,138,551,634,760,894,256,332,317,831,501,664,186,126,105,403
353,356,318,823,439,143,139,754,321,495,691,120,773,763,746,867,702,521,854,32
354,739,328,654,751,779,371,789,811,587,498,759,266,558,127,785,856,458,387,343
355,501,133,332,138,22,257,21,352,37,730,669,403,705,837,698,149,694,894,634
356,228,823,754,145,439,75,353,32,702,638,495,534,221,318,192,773,330,746,492
357,344,720,16,20,602,464,369,165,17,45,898,870,757,99,733,748,874,108,52
358,442,125,631,660,661,11,179,74,678,87,650,879,780,617,15,3,218,210,773
359,51,15,661,36,771,134,736,414,408,699,251,490,161,311,585,747,317,132,617
360,383,748,194,608,898,151,816,146,165,74,112,48,865,176,226,611,290,729,93
361,37,21,205,406,236,537,472,138,92,184,550,297,22,98,667,254,634,214,837
362,260,44,210,42,550,603,132,164,209,604,514,319,125,585,283,279,98,249,684
363,572,680,715,154,405,41,868,553,146,872,623,661,88,279,337,605,767,665,212
364,849,299,469,313,682,534,330,91,876,307,883,145,318,814,681,263,105,513,196
365,123,622,554,439,715,555,139,828,432,208,604,249,101,168,283,535,575,369,767
366,454,142,492,263,193,404,534,196,614,481,457,323,139,136,145,274,290,675,252
367,617,733,427,731,99,647,117,602,780,843,876,173,567,477,702,232,507,646,870
368,166,181,22,138,319,885,610,684,594,690,37,761,727,537,657,699,669,297,398
369,507,489,108,52,410,35,69,879,426,344,878,197,657,427,733,208,870,99,439
370,300,312,211,576,343,433,94,239,294,775,421,272,418,264,486,25,150,615,540
371,467,856,801,418,654,811,388,382,839,498,266,328,779,785,343,739,300,2,789
372,445,193,234,777,6,169,142,274,281,889,79,890,614,869,846,136,468,341,397
373,62,764,234,460,745,30,659,841,484,136,78,71,341,454,743,756,628,614,226
374,267,127,523,377,264,387,343,211,150,421,498,300,558,516,370,857,152,2,895
375,223,341,534,234,494,385,344,638,290,742,330,155,619,339,874,62,485,700,17
376,552,72,98,461,140,551,216,44,760,724,115,443,490,311,319,653,875,860,308
377,267,343,498,418,300,857,266,387,516,386,127,779,558,467,264,2,211,188,421
378,228,281,711,700,110,719,252,234,639,454,638,492,145,871,339,883,889,541,812
379,531,569,601,442,876,303,814,190,171,783,780,883,644,842,647,424,680,265,448
380,181,806,400,703,197,398,489,410,20,641,81,391,11,159,369,575,291,878,604
381,440,781,13,642,776,628,528,470,106,743,234,201,799,590,445,659,223,76,890
382,467,418,150,343,264,312,127,801,386,388,558,498,211,387,266,433,370,789,486
383,146,273,432,608,316,360,74,675,494,78,865,597,427,182,202,748,271,611,598
384,734,852,47,577,349,393,685,570,618,399,637,302,823,495,896,496,293,228,770
385,619,742,494,290,675,748,165,678,263,35,878,874,341,375,45,223,14,660,870
386,343,418,387,150,300,421,576,211,433,857,312,382,272,127,779,498,2,467,264
387,343,421,150,127,264,558,386,300,498,267,266,576,211,418,779,458,789,382,370
388,467,801,789,418,532,312,294,382,779,266,709,540,811,558,576,386,371,343,433
389,217,124,584,227,191,46,886,201,470,642,106,651,627,277,882,333,440,776,13
390,745,62,743,659,213,30,177,195,841,95,628,756,234,844,78,373,890,520,269
391,410,760,741,731,806,37,556,646,403,257,657,837,398,489,870,181,20,703,641
392,277,651,435,474,445,333,213,449,584,389,62,743,9,60,673,177,455,13,890
393,577,896,47,852,399,384,887,496,685,349,547,543,293,810,281,849,734,302,263
394,884,571,761,837,314,723,166,426,398,747,524,297,68,698,37,82,431,317,757
395,278,232,519,716,477,208,27,439,768,601,112,75,864,647,824,432,876,271,589
396,35,733,874,878,647,660,146,273,613,462,788,494,330,648,339,534,757,731,342
397,274,675,862,869,612,193,310,3,614,136,635,401,74,660,850,237,290,372,773
398,515,117,197,410,83,314,403,181,537,52,417,507,806,82,99,489,20,400,731
399,47,496,896,685,618,495,570,393,719,815,823,577,676,384,206,545,887,302,770
400,410,197,69,398,489,380,369,181,879,159,878,657,298,537,853,310,391,646,816
401,675,114,660,494,125,305,878,15,304,65,179,748,290,661,74,773,146,232,612
402,495,307,8,221,295,318,244,170,163,712,160,353,54,823,332,47,682,40,356
403,82,410,398,438,117,515,11,52,262,806,537,837,417,885,37,511,658,181,255
404,454,492,142,614,745,223,827,455,366,323,30,796,562,234,281,290,628,6,341
405,248,553,50,208,585,605,679,283,715,661,778,829,771,817,51,44,416,151,426
406,664,37,21,126,507,837,556,761,873,410,340,894,72,275,438,407,696,511,262
407,126,664,275,556,216,425,406,322,819,672,696,840,254,72,726,376,128,413,172
408,317,426,816,96,284,524,771,68,661,585,367,99,646,208,884,67,125,617,873
409,33,890,234,479,659,73,445,846,743,745,30,440,372,673,889,675,776,841,756
410,210,391,181,398,646,11,489,837,403,741,400,879,123,369,507,52,232,37,284
411,29,181,183,489,641,703,257,159,291,109,728,660,391,14,380,604,508,11,472
412,761,550,376,39,128,209,297,72,406,319,565,98,37,260,554,837,512,511,552
413,477,427,283,737,256,665,551,208,284,72,716,831,122,875,126,771,617,780,112
414,174,51,771,359,747,860,63,171,208,487,413,405,662,115,672,126,311,86,161
415,426,314,284,408,873,317,837,262,68,524,507,413,99,256,511,406,122,884,367
416,771,605,112,497,208,232,271,413,832,653,253,405,248,661,737,736,665,553,567
417,82,332,117,398,403,22,698,214,166,314,524,794,438,11,515,702,66,149,255
418,343,312,467,300,386,294,382,370,576,387,801,433,266,388,498,264,239,558,150
419,776,234,758,339,743,481,440,890,381,76,193,375,62,700,642,78,597,538,35
420,667,216,761,437,311,717,724,166,892,430,634,407,275,669,840,556,100,551,376
421,343,387,433,150,300,211,264,558,370,576,386,266,127,312,895,272,418,709,857
422,344,165,45,176,898,99,226,581,678,876,749,426,731,647,357,559,878,68,733
423,451,407,347,664,831,665,877,254,101,413,171,425,122,275,477,34,840,224,784
424,842,531,413,395,427,589,477,519,278,171,101,601,256,232,104,131,518,831,876
425,407,525,556,128,505,840,199,98,664,406,537,438,254,11,403,36,184,511,210
426,96,771,585,99,208,873,68,284,884,741,125,507,314,879,48,210,408,524,232
427,477,413,432,367,567,273,780,271,557,617,447,232,680,462,208,733,369,446,146
428,595,59,526,618,185,242,225,325,545,116,549,148,258,807,704,676,899,293,701
429,427,477,432,303,112,273,271,413,439,219,865,208,462,767,680,395,601,337,824
430,420,593,582,22,694,156,634,407,805,730,332,840,216,437,698,664,170,417,406
431,314,99,306,834,45,613,197,4,52,367,477,602,757,731,426,117,534,452,344
432,427,273,477,74,601,108,278,439,146,271,383,865,768,48,4,342,395,838,567
433,343,576,370,421,312,294,300,239,211,272,418,386,245,615,266,558,467,150,387
434,567,108,35,427,432,477,4,271,278,85,48,303,617,729,834,788,15,208,395
435,277,392,13,213,449,301,774,474,651,217,324,191,389,46,227,9,124,328,333
436,440,346,234,339,889,790,481,130,642,758,700,330,460,638,419,597,454,30,144
437,420,22,556,425,667,840,892,430,582,166,407,128,417,285,452,406,332,438,698
438,11,403,664,873,794,885,32,82,214,244,406,92,66,426,805,610,255,54,507
439,32,773,477,432,749,754,179,263,139,395,52,369,716,462,224,356,74,114,534
440,642,381,106,201,234,30,776,584,890,743,470,281,882,479,449,745,889,436,454
441,475,329,214,791,831,101,664,780,92,40,406,72,322,873,507,797,696,44,415
442,680,650,767,448,273,358,446,661,591,780,617,868,817,427,804,15,171,531,588
443,72,552,86,875,753,140,461,653,592,737,115,413,665,860,818,376,134,490,551
444,525,663,39,410,314,511,556,565,837,284,296,477,398,760,208,319,406,413,551
445,796,234,7,659,455,743,372,756,142,223,338,62,274,651,781,281,745,614,79
446,447,680,448,879,427,69,367,661,617,741,197,626,99,262,426,650,232,780,816
447,446,448,427,69,731,680,197,617,271,757,557,879,367,613,173,804,657,733,108
448,446,447,650,680,273,879,661,804,442,232,427,865,74,816,271,646,146,197,733
449,882,201,13,106,743,195,440,30,213,642,890,392,673,277,470,281,445,234,745
450,651,616,478,756,227,106,590,776,845,381,169,419,76,333,62,743,841,234,191
451,795,674,477,877,780,740,680,831,410,669,413,537,423,15,813,179,661,11,551
452,117,431,551,648,52,834,507,617,314,477,567,306,602,657,4,427,853,462,367
453,401,675,660,165,125,678,878,68,748,508,14,96,35,15,153,778,385,635,159
454,614,481,492,366,142,234,404,323,522,281,252,889,30,341,517,144,62,290,78
455,796,223,745,445,213,62,281,404,30,155,638,341,234,375,614,841,659,485,743
456,424,38,868,190,680,413,41,131,591,256,877,265,842,531,122,859,665,817,442
457,263,3,823,439,366,310,773,748,139,221,878,326,539,32,889,179,635,74,744
458,498,558,387,343,418,779,857,300,386,709,421,789,266,127,150,267,839,576,377
459,445,796,281,541,341,375,635,274,638,263,455,234,60,310,708,62,700,153,392
460,144,484,373,339,841,614,341,62,78,764,299,30,91,889,745,234,517,454,346
461,552,592,443,72,737,376,413,308,653,753,875,140,86,860,134,44,283,490,680
462,427,52,74,439,477,369,240,146,99,310,733,344,534,35,878,273,108,367,748
463,418,343,587,839,785,264,188,300,386,312,387,498,801,467,211,371,239,2,377
464,344,870,20,731,874,720,602,45,853,742,899,469,357,625,733,350,197,326,757
465,510,214,853,158,669,648,332,800,417,667,117,238,578,582,530,43,398,186,803
466,155,341,75,534,614,85,484,290,53,299,481,544,889,887,454,729,768,194,330
467,801,418,382,388,312,294,266,343,386,433,300,370,150,371,211,789,779,576,856
468,372,6,281,142,454,777,193,692,440,366,274,522,79,169,889,302,614,404,234
469,330,602,45,744,874,827,731,323,385,313,326,299,344,702,742,527,899,263,534
470,201,642,106,627,46,227,389,124,217,776,381,13,528,440,584,191,882,886,479
471,228,719,378,281,639,823,113,541,620,225,638,711,356,536,763,896,700,492,320
472,11,410,210,833,684,391,641,181,179,489,257,740,537,403,291,236,879,610,646
473,307,864,477,4,395,513,814,580,768,783,75,542,754,666,427,854,432,0,439
474,392,79,455,277,708,445,281,119,765,711,651,435,60,673,796,333,745,372,719
475,441,329,214,5,101,92,332,664,671,730,438,347,561,322,54,831,723,72,669
476,366,65,75,534,99,67,305,304,68,850,484,168,675,114,715,843,401,45,525
477,413,427,780,432,439,367,52,395,617,647,682,567,551,40,32,232,284,208,888
478,450,828,777,372,651,616,397,169,598,274,7,445,234,136,324,692,468,774,338
479,886,776,584,642,440,33,890,106,409,659,333,124,781,470,708,234,651,201,73
480,112,771,360,248,151,497,194,283,426,865,553,519,51,251,518,716,48,715,208
481,454,889,323,748,290,263,597,614,341,339,234,635,165,18,619,484,827,878,846
482,52,314,771,426,438,408,794,413,817,507,415,403,873,585,256,737,122,262,417
483,171,672,787,85,662,318,831,875,72,864,877,633,41,256,524,284,122,413,216
484,534,341,517,75,290,93,494,729,299,883,276,78,788,71,129,768,869,110,481
485,742,223,90,874,494,625,638,375,844,385,506,17,534,173,796,562,455,323,745
486,211,370,343,94,312,264,382,150,300,421,576,386,418,433,387,558,127,272,294
487,737,208,172,171,873,771,585,72,51,284,716,817,426,322,408,48,251,661,837
488,706,287,464,344,602,720,545,731,815,683,874,899,807,870,336,732,543,685,770
489,181,369,410,69,879,703,604,426,96,646,197,164,535,42,507,575,398,298,400
490,875,551,72,594,617,818,256,657,753,44,376,134,802,669,680,727,760,443,41
491,791,412,340,512,441,475,205,275,609,260,550,209,322,552,362,44,98,406,825
492,454,323,404,366,614,263,281,827,823,206,541,867,192,889,481,196,290,228,274
493,513,580,714,547,342,53,666,194,864,810,78,768,473,788,4,26,75,346,278
494,748,675,14,534,874,729,660,17,385,35,165,71,614,173,844,290,375,182,65
495,47,823,295,307,682,746,712,320,356,228,529,8,402,318,75,160,770,353,899
496,887,281,849,349,295,399,547,47,228,302,763,454,685,495,581,746,522,570,823
497,112,271,413,427,232,771,431,689,416,446,99,426,519,876,477,208,447,553,69
498,267,127,516,387,458,343,264,418,785,558,386,779,2,382,377,300,266,839,789
499,737,112,413,716,101,487,395,141,519,27,888,208,154,63,219,104,771,665,439
500,222,739,377,266,498,793,267,458,845,759,811,467,418,2,779,654,789,516,801
501,186,214,149,352,332,705,805,117,54,163,403,521,255,899,233,507,55,524,82
502,520,76,223,90,743,673,659,590,344,874,756,494,625,327,628,108,878,844,538
503,314,524,197,284,834,67,99,82,431,870,662,757,96,306,68,117,613,816,534
504,849,176,299,346,519,681,318,876,48,716,597,581,647,313,194,422,790,120,93
505,425,92,438,403,210,696,128,406,82,37,11,663,126,821,98,340,610,556,873
506,638,223,625,485,799,628,520,90,844,781,455,247,330,336,745,874,76,590,375
507,369,52,426,873,367,617,410,101,406,117,524,398,489,208,831,646,256,427,535
508,11,96,885,748,82,878,678,117,66,870,344,524,20,521,35,385,255,403,410
509,289,798,809,242,241,538,59,200,759,267,683,701,523,893,185,222,533,2,500
510,66,417,22,149,241,214,641,698,117,707,186,464,822,398,82,20,744,807,855
511,403,406,262,314,444,216,863,873,837,663,52,894,415,332,760,319,550,398,761
512,535,884,209,369,622,837,39,410,607,507,335,340,183,585,873,128,610,123,489
513,342,580,768,78,75,145,346,4,278,810,493,299,91,783,864,597,889,432,473
514,125,42,661,585,657,369,507,535,610,317,48,253,426,612,778,15,210,96,208
515,398,83,403,805,181,317,37,410,885,837,11,646,262,535,806,641,489,894,406
516,498,267,2,377,127,382,264,386,785,418,387,343,467,200,587,211,486,150,779
517,484,454,614,142,299,889,768,341,145,78,869,234,75,290,838,675,876,194,534
518,519,112,75,395,194,278,517,876,580,484,768,716,898,513,601,299,569,783,424
519,518,716,395,876,101,40,413,780,898,427,278,367,112,477,768,432,232,589,74
520,76,223,269,590,502,30,743,628,659,745,781,90,506,625,62,799,874,9,538
521,647,687,507,218,40,524,255,508,263,691,681,326,843,581,54,11,870,163,233
522,454,30,481,252,110,404,323,580,745,196,18,142,614,889,484,144,234,281,155
523,387,267,150,127,895,386,421,558,377,857,343,779,498,266,789,374,2,264,188
524,67,68,426,317,120,99,284,408,367,702,843,250,45,681,507,647,873,805,870
525,314,232,888,534,662,63,613,284,771,477,75,556,224,52,444,752,141,129,431
526,545,685,8,570,529,815,606,320,542,428,807,621,295,225,192,185,258,549,384
527,336,192,330,102,469,854,45,754,221,606,75,287,803,145,356,299,843,827,874
528,381,13,470,177,776,201,642,106,882,217,781,628,301,389,627,33,440,743,191
529,268,823,469,899,606,803,495,320,192,682,45,545,744,149,706,770,754,527,827
530,803,367,117,332,54,469,648,214,602,20,780,255,669,702,158,843,870,731,82
531,379,842,190,569,424,876,814,589,648,647,780,265,158,303,427,883,477,601,171
532,294,312,239,388,576,540,418,433,370,272,300,343,467,779,709,94,386,801,25
533,708,886,584,124,479,897,896,642,440,389,333,776,893,106,227,267,289,538,372
534,494,344,484,290,375,75,17,729,226,874,625,827,165,385,341,898,788,854,155
535,132,884,873,426,489,125,210,507,369,778,262,879,585,657,317,398,410,604,515
536,763,252,867,323,638,827,110,75,206,145,192,469,454,481,230,339,144,754,534
537,657,398,82,181,403,646,11,410,575,197,179,879,760,210,15,610,804,117,400
538,878,165,12,846,326,826,234,330,344,263,748,182,874,35,889,73,635,223,869
539,457,3,263,878,326,814,790,179,647,635,748,826,797,521,597,780,876,538,889
540,312,294,94,370,239,532,272,388,211,775,576,433,25,300,839,709,785,615,486
541,639,492,290,796,562,263,869,310,385,635,827,366,145,323,700,320,675,878,230
542,854,102,685,258,336,803,527,545,287,307,754,469,344,581,648,810,192,606,682
543,293,325,241,807,185,720,704,545,12,549,899,810,464,287,102,330,488,258,336
544,769,206,466,196,492,455,826,469,204,155,326,827,323,330,336,385,263,534,287
545,293,685,815,807,185,258,325,621,899,526,676,543,336,542,706,527,529,287,464
546,555,607,29,286,489,596,879,604,111,622,183,123,369,535,655,42,679,514,159
547,302,887,810,768,349,580,849,299,685,228,12,145,714,788,295,330,75,53,732
548,5,537,403,591,669,561,181,633,808,831,117,687,564,674,214,329,11,186,138
549,325,59,701,258,293,676,543,542,545,12,225,685,247,683,185,241,807,720,704
550,319,406,511,262,410,444,837,164,761,98,37,128,760,216,133,604,362,311,412
551,413,657,760,477,834,617,490,303,884,311,208,284,594,507,747,72,427,376,662
552,592,860,443,72,461,376,140,115,753,98,653,275,311,875,86,308,44,134,791
553,405,585,248,661,50,208,715,283,56,824,865,623,271,497,253,345,771,778,737
554,622,507,369,365,512,123,412,604,209,410,340,631,684,262,535,406,183,111,550
555,546,622,607,830,286,596,560,865,405,828,848,23,553,365,123,97,872,29,279
556,760,254,391,406,407,296,37,126,888,837,525,477,306,726,332,52,403,664,253
557,427,477,680,271,283,617,447,413,367,551,567,446,875,303,41,780,647,741,733
558,387,779,343,789,421,127,266,709,150,300,576,458,498,264,433,382,418,895,211
559,581,344,221,75,597,749,481,898,580,567,716,366,854,4,35,32,240,746,139
560,56,553,405,607,865,50,283,151,555,24,829,208,835,847,123,29,546,248,112
561,5,831,591,669,101,347,877,548,780,633,122,54,171,190,238,687,531,72,40
562,742,796,675,385,404,748,290,223,534,494,781,541,485,165,263,628,234,869,366
563,50,56,553,345,405,623,248,829,861,766,721,560,848,151,279,23,859,715,865
564,44,164,657,650,337,680,279,15,661,42,514,181,369,125,537,446,612,489,872
565,444,837,551,406,39,724,208,507,760,262,487,426,253,407,398,664,884,209,126
566,184,425,548,632,36,335,57,238,451,610,561,537,205,684,368,98,34,22,138
567,617,434,427,271,367,35,477,232,85,173,647,256,208,661,48,876,278,875,224
568,822,417,241,806,22,149,510,698,543,184,637,582,66,556,667,293,807,20,21
569,883,531,773,850,876,75,304,783,767,647,145,290,278,484,131,862,517,299,129
570,295,302,697,10,495,349,221,399,685,496,763,47,8,712,526,577,384,206,823
571,394,524,311,837,83,634,317,884,352,262,284,67,105,166,398,314,805,515,117
572,38,308,860,154,376,275,552,41,665,461,592,72,737,875,407,413,140,629,216
573,194,580,788,75,112,597,360,559,898,768,865,226,278,454,518,182,395,513,522
574,146,273,790,567,588,35,432,427,12,660,232,878,91,597,581,838,369,650,342
575,181,489,657,879,537,410,69,604,752,123,369,426,159,14,96,262,367,660,535
576,300,370,343,433,312,294,615,272,239,421,387,418,211,386,558,150,94,709,532
577,852,685,393,734,770,349,887,384,823,302,765,281,47,826,899,399,570,263,143
578,800,54,43,143,332,530,5,707,255,780,803,899,814,31,329,170,705,149,823
579,152,267,222,371,516,377,127,498,382,374,500,739,328,148,654,779,467,789,458
580,75,854,299,221,768,307,194,864,196,513,581,53,547,559,278,746,898,346,141
581,647,559,887,261,35,878,790,346,299,344,814,768,864,876,746,849,749,733,870
582,332,417,664,406,556,22,511,407,21,52,430,606,840,438,216,214,254,425,170
583,653,39,260,585,253,514,406,507,180,741,553,760,262,894,661,42,128,737,208
584,886,389,124,333,642,651,440,479,470,106,217,776,227,201,533,277,890,708,882
585,661,426,778,208,125,771,96,752,210,253,42,879,284,183,48,410,317,741,408
586,262,183,679,585,408,661,879,410,208,348,125,123,284,646,837,317,248,96,52
587,785,895,839,779,343,387,498,127,386,188,264,418,558,300,576,857,211,266,377
588,733,273,647,814,817,146,427,367,218,40,716,790,617,879,581,369,680,876,157
589,875,842,395,413,477,531,115,424,519,787,104,666,171,647,86,122,617,72,737
590,269,76,520,223,781,628,725,659,799,756,189,234,90,844,381,538,327,165,502
591,669,817,442,831,186,561,256,633,413,31,680,813,5,117,72,122,877,548,427
592,552,860,461,443,653,134,753,86,875,818,72,308,140,275,115,376,737,735,311
593,430,420,667,216,156,22,582,694,730,840,407,100,355,275,332,761,634,437,406
594,727,490,551,669,166,634,352,186,885,657,761,317,256,633,37,813,72,894,747
595,428,59,526,701,185,545,242,325,549,618,685,621,293,798,225,116,241,676,896
596,546,880,607,881,830,555,772,655,29,337,97,684,604,489,183,167,164,111,603
597,790,481,165,346,878,383,559,748,65,176,12,614,889,581,342,647,78,35,146
598,383,432,202,78,316,608,194,838,601,278,777,146,271,342,788,6,131,611,395
599,625,385,874,738,165,223,197,827,45,742,313,731,844,469,16,323,269,590,336
600,809,704,351,1,516,638,649,762,148,222,59,325,90,739,500,7,549,462,234
601,278,432,85,768,48,395,74,647,876,439,232,477,780,53,342,484,773,299,309
602,469,870,20,874,344,367,45,731,99,197,733,431,648,757,464,617,647,507,843
603,209,362,684,24,249,607,880,80,42,44,98,881,535,818,604,49,283,260,552
604,69,203,489,123,183,181,164,741,657,663,410,210,679,575,209,535,879,369,703
605,771,405,416,248,661,665,736,15,174,208,171,553,112,232,689,129,51,832,679
606,682,527,529,102,803,332,8,530,754,170,542,702,163,307,469,192,794,367,899
607,546,209,604,24,183,29,622,679,39,405,881,248,830,42,337,829,50,772,283
608,611,383,675,78,494,316,360,484,146,136,151,278,74,194,114,517,764,202,614
609,288,44,335,260,249,772,362,825,880,603,684,209,645,279,791,859,830,786,535
610,885,11,585,657,317,727,537,508,410,210,438,535,96,514,687,661,837,403,646
611,608,675,78,614,316,383,182,151,136,146,360,494,202,327,6,764,278,838,865
612,125,693,305,369,675,74,114,397,146,69,35,401,494,650,816,14,232,136,646
613,431,69,410,232,534,129,314,17,367,494,173,52,99,874,660,617,834,146,870
614,454,274,675,142,889,136,341,263,494,234,202,182,290,78,517,404,6,155,481
615,576,370,433,94,150,312,294,300,421,343,211,382,175,272,775,239,467,264,386
616,828,777,327,182,847,76,226,450,383,372,193,316,123,6,286,573,29,743,234
617,367,567,834,647,427,256,680,477,646,875,507,661,741,413,410,551,731,780,490
618,399,719,896,384,577,676,496,685,47,570,734,763,225,549,526,393,302,899,281
619,385,341,290,165,45,223,742,344,678,375,17,327,339,534,481,748,494,234,874
620,719,113,639,206,323,763,252,110,281,225,378,70,711,536,867,541,320,492,399
621,545,807,293,241,815,685,495,803,899,320,268,488,526,170,287,543,47,464,529
622,123,286,369,607,546,183,604,296,585,555,559,432,878,208,865,879,554,512,410
623,721,279,50,248,553,661,735,405,737,605,337,868,56,848,771,212,680,665,345
624,825,554,830,772,376,684,412,603,607,786,260,795,609,209,164,319,205,362,645
625,874,599,638,330,827,844,534,336,344,90,485,731,223,757,506,484,173,469,45
626,657,446,680,117,537,367,617,69,99,524,646,447,727,879,816,780,408,663,181
627,470,106,201,642,389,882,46,13,227,776,440,217,124,191,890,449,812,584,528
628,76,781,223,381,725,743,745,327,234,590,756,30,62,13,195,520,638,269,659
629,308,784,275,819,842,737,875,72,115,256,572,877,407,413,787,589,753,840,461
630,576,418,388,272,294,386,300,343,312,370,433,152,779,789,532,857,709,467,266
631,687,11,660,179,358,3,878,103,521,410,35,773,73,310,263,833,780,790,831
632,44,98,72,535,696,36,322,564,340,212,283,205,552,172,51,817,209,210,487
633,669,186,727,117,551,657,594,490,256,507,171,591,813,72,760,802,831,452,667
634,727,594,37,186,669,352,166,761,117,311,571,805,551,83,403,885,22,490,894
635,341,889,878,290,846,263,748,385,481,339,869,678,234,675,310,619,71,700,773
636,457,692,139,573,221,716,697,366,32,519,75,74,749,763,3,814,45,122,780
637,770,143,899,823,495,137,54,149,734,43,815,384,754,268,685,55,577,746,682
638,330,625,339,506,323,223,375,827,534,62,485,281,145,234,385,336,455,90,796
639,541,225,620,869,7,719,320,638,70,378,827,113,323,536,796,268,867,234,676
640,154,572,877,141,784,629,38,308,864,254,275,171,819,122,787,591,424,863,511
641,181,489,833,515,398,236,391,257,822,410,707,20,537,291,646,403,658,214,400
642,776,882,470,201,440,584,381,389,106,886,890,627,124,479,227,449,33,217,13
643,216,656,552,311,376,275,717,98,100,308,818,592,791,490,860,140,86,58,115
644,601,531,790,342,768,647,883,569,379,842,278,261,346,339,232,176,395,849,876
645,880,205,684,825,603,319,609,288,44,564,881,362,36,632,262,552,164,57,311
646,650,816,410,741,617,367,680,833,426,489,179,661,103,96,369,702,537,408,733
647,876,581,299,367,870,731,35,878,617,780,814,99,477,879,768,648,75,85,521
648,731,876,647,158,367,602,469,870,883,117,477,431,581,853,682,344,617,75,878
649,1,7,762,331,751,845,893,600,338,506,445,871,498,516,280,844,377,869,2
650,646,273,804,448,661,181,146,879,660,680,733,816,675,489,74,15,410,833,442
651,333,277,392,389,584,886,445,871,331,227,890,673,217,124,46,774,372,479,470
652,487,122,831,283,837,208,680,413,101,248,565,860,817,875,873,589,780,553,859
653,724,443,39,72,552,461,665,592,140,128,832,735,58,583,376,253,663,875,860
654,811,739,371,328,801,467,418,354,498,779,127,266,759,382,789,785,558,343,856
655,650,816,167,546,489,348,337,646,42,879,661,125,29,180,183,151,722,270,123
656,643,717,100,784,308,216,275,552,115,376,311,791,860,72,592,877,420,140,629
657,181,551,537,760,69,885,369,117,15,253,703,575,626,661,37,410,604,690,585
658,403,255,179,780,99,426,646,833,82,11,410,74,438,214,398,641,507,816,117
659,756,743,234,223,745,30,62,445,76,725,673,890,844,781,182,799,841,341,590
660,35,804,675,878,494,173,14,678,385,401,165,757,874,91,146,879,159,748,647
661,585,15,48,208,680,125,816,879,232,650,771,617,408,262,646,778,567,271,657
662,284,67,171,63,771,682,314,834,525,551,477,678,413,524,426,296,780,876,503
663,39,604,37,444,319,741,98,446,724,210,209,253,410,736,69,426,657,679,314
664,126,406,438,407,696,413,873,477,275,244,507,40,831,72,101,551,837,556,332
665,413,443,653,477,661,875,737,832,72,140,284,256,171,552,680,689,283,262,771
666,141,864,395,787,27,589,194,580,232,278,888,842,112,413,75,525,567,477,497
667,420,633,22,717,216,760,892,166,669,551,724,21,727,634,556,657,452,376,813
668,169,790,346,261,468,12,342,574,810,887,372,864,547,339,330,889,145,513,768
669,186,633,591,594,117,813,634,490,551,727,530,214,831,664,805,761,802,507,352
670,287,530,469,529,602,803,295,682,160,702,606,805,794,102,356,488,244,495,45
671,322,696,819,873,126,664,524,40,487,426,438,831,284,101,407,340,122,681,72
672,787,284,752,208,884,171,72,172,63,407,413,128,253,551,232,525,487,771,567
673,659,756,890,743,234,76,502,651,445,449,223,333,844,30,213,455,62,745,841
674,451,780,410,657,11,537,740,15,117,210,403,626,179,669,367,237,314,82,678
675,494,614,660,136,401,748,182,385,310,290,74,397,146,193,878,78,263,234,35
676,225,258,545,325,549,685,683,706,12,899,854,330,701,344,281,827,375,538,228
677,795,190,442,561,868,358,680,451,265,86,624,877,831,591,631,41,87,687,376
678,385,660,748,742,35,103,731,878,619,876,68,780,17,179,310,290,344,173,67
679,248,270,426,778,879,585,604,183,96,771,736,123,68,884,489,405,125,69,284
680,446,661,617,427,448,646,262,477,442,413,650,447,557,283,256,780,367,868,626
681,318,120,524,40,716,849,67,54,898,773,48,171,873,748,521,426,831,876,284
682,477,75,780,662,794,702,367,754,244,746,347,495,648,647,52,581,318,307,606
683,706,12,330,648,676,638,469,538,325,287,228,336,883,815,899,488,547,320,545
684,164,319,410,262,181,209,604,657,183,37,472,257,489,535,335,837,703,210,83
685,815,295,545,547,577,542,47,770,302,899,293,185,676,325,495,399,852,496,349
686,688,802,158,669,311,186,648,216,117,591,617,105,633,813,731,626,634,306,875
687,11,521,52,263,439,702,773,831,631,3,508,369,20,179,163,691,740,878,610
688,724,875,802,311,256,653,158,216,689,592,446,551,443,413,490,565,680,376,497
689,271,446,497,680,665,248,661,477,413,663,724,174,448,232,832,834,86,208,605
690,657,297,885,699,727,610,535,594,128,37,490,808,132,72,317,626,884,92,181
691,521,163,687,823,899,746,55,770,149,647,581,339,353,878,495,805,263,356,754
692,454,274,867,768,614,366,783,323,788,404,481,263,281,6,326,206,372,3,341
693,612,125,15,650,646,74,675,210,14,369,575,103,179,879,535,661,35,159,703
694,669,805,92,214,186,730,501,873,863,216,156,761,406,417,352,275,332,696,664
695,236,740,606,332,682,149,723,637,780,347,367,214,702,794,664,556,143,837,54
696,322,664,873,126,72,340,805,406,407,831,438,40,98,317,275,837,671,819,487
697,867,580,10,849,53,75,768,519,570,45,318,221,295,307,898,469,763,682,754
698,82,417,66,805,398,22,403,149,163,166,332,515,20,524,794,257,54,707,508
699,690,72,885,408,747,166,132,657,359,585,817,317,171,594,873,771,551,128,36
700,341,290,375,234,339,71,484,635,481,711,281,889,454,619,62,773,675,30,614
701,185,704,549,59,293,809,148,676,325,685,545,289,543,241,247,542,200,516,683
702,367,52,524,794,646,469,534,250,731,870,682,439,45,149,99,163,255,733,754
703,181,489,657,398,117,197,804,650,806,410,164,81,604,391,69,646,660,83,96
704,148,185,701,59,325,543,247,258,293,638,336,542,287,516,683,600,330,241,545
705,138,11,54,255,508,257,501,794,687,805,403,163,698,214,669,610,438,521,641
706,899,336,344,683,12,488,102,807,874,602,20,330,676,545,469,464,529,527,149
707,82,641,403,822,350,149,537,698,66,678,691,181,385,702,417,870,878,20,11
708,533,886,765,584,479,333,135,445,474,372,846,635,538,889,651,455,281,60,392
709,558,245,576,312,272,421,789,388,433,150,370,387,343,300,266,458,779,294,540
710,148,247,328,704,354,185,119,506,516,267,654,116,751,638,701,241,498,785,325
711,281,700,62,234,745,455,638,341,338,30,7,404,378,230,484,223,796,323,110
712,495,295,8,570,321,402,353,682,143,47,732,685,496,10,637,581,787,770,746
713,304,687,646,61,773,237,702,181,439,410,833,403,103,515,613,83,11,660,804
714,788,547,26,230,768,580,75,4,864,484,53,145,810,534,432,252,869,854,625
715,865,208,824,553,232,395,305,405,427,248,271,413,146,125,131,50,283,737,426
716,519,395,413,780,48,439,208,865,427,101,681,40,773,367,487,122,876,647,278
717,216,420,633,100,31,667,699,311,656,669,72,490,166,308,115,551,376,594,483
718,807,815,488,682,244,621,530,803,732,720,158,105,581,648,52,256,352,814,163
719,620,281,113,206,440,763,252,639,378,228,896,323,225,638,399,711,618,339,536
720,344,464,357,733,807,853,12,20,602,543,102,870,803,731,293,878,367,108,581
721,623,279,848,722,872,553,50,605,248,661,766,735,405,859,583,563,56,337,680
722,655,721,872,167,23,151,546,848,316,612,97,19,180,623,611,125,661,693,279
723,367,332,682,780,117,524,870,602,214,255,530,45,898,417,158,20,731,648,843
724,653,311,319,376,216,128,736,663,761,39,551,735,760,688,565,832,443,72,98
725,781,223,799,269,659,755,628,756,327,76,590,844,90,742,189,562,33,494,234
726,126,556,407,787,888,275,664,873,352,406,760,253,672,128,551,837,864,884,254
727,594,37,634,885,657,894,186,690,117,633,760,610,490,669,11,808,403,617,391
728,109,411,187,500,159,538,29,222,845,799,739,893,380,289,590,751,757,822,135
729,494,534,278,85,35,341,484,48,898,93,675,173,78,752,208,567,232,748,876
730,694,840,332,664,407,216,355,31,406,254,634,501,669,671,475,54,831,696,321
731,870,874,733,173,367,853,648,197,344,647,757,602,35,117,876,99,469,678,464
732,581,349,768,770,547,887,221,815,849,559,746,773,12,250,899,854,898,263,346
733,731,367,878,870,874,218,273,35,344,146,99,748,427,369,879,197,602,173,647
734,384,577,349,770,852,228,754,768,281,637,302,823,570,685,547,393,810,746,221
735,736,653,50,552,724,248,860,376,128,72,253,39,592,172,42,209,461,623,140
736,735,679,724,248,663,604,39,42,771,359,585,348,253,319,317,123,661,829,605
737,72,413,487,753,817,256,208,461,771,443,875,283,44,224,101,873,716,86,172
738,599,844,81,874,385,757,35,625,223,269,165,197,538,731,756,344,742,520,870
739,811,654,500,354,759,779,845,371,498,839,222,458,328,801,266,789,785,467,418
740,54,179,780,439,733,702,837,687,870,32,581,403,647,369,682,477,878,52,410
741,426,646,410,391,617,585,208,317,604,816,367,262,253,69,661,446,879,834,96
742,385,223,874,344,744,263,562,17,485,165,827,748,290,678,14,375,619,534,155
743,745,659,223,234,30,62,445,628,76,841,440,673,781,756,341,9,520,381,890
744,469,742,255,385,20,323,263,326,45,748,678,344,165,290,827,3,731,108,81
745,30,743,841,62,223,659,455,341,234,404,323,628,454,484,889,520,781,195,189
746,898,768,75,318,139,581,221,854,754,481,682,344,619,18,534,299,484,439,341
747,51,15,551,657,884,171,752,72,771,166,699,879,537,594,885,99,68,873,408
748,494,878,165,898,675,263,385,846,481,290,310,182,45,678,35,74,14,742,146
749,439,250,146,898,278,581,208,114,559,32,864,40,716,194,232,284,426,48,432
750,134,653,818,39,753,592,832,663,72,552,461,443,724,24,92,98,690,311,128
751,354,845,739,328,445,799,331,498,267,7,500,779,893,377,458,558,127,387,649
752,253,426,585,771,96,884,208,879,15,778,165,125,232,123,729,35,672,42,878
753,72,737,818,875,443,552,115,86,461,817,490,592,134,413,308,44,860,376,256
754,75,854,356,221,823,439,768,145,770,746,682,143,32,647,702,534,527,192,899
755,725,269,799,781,756,844,659,738,90,327,223,628,494,485,76,520,742,177,590
756,659,844,223,182,234,62,673,725,494,76,445,269,799,327,890,743,628,290,846
757,197,344,874,870,35,731,878,165,660,69,81,431,625,806,494,602,173,369,733
758,419,346,481,635,790,290,375,846,436,889,339,91,440,341,35,234,78,878,773
759,811,2,266,200,789,779,739,654,498,371,845,386,801,856,388,127,467,418,382
760,556,306,391,551,657,128,410,37,884,253,837,858,376,403,661,537,477,262,727
761,297,37,894,406,166,311,837,594,873,317,724,216,128,319,322,98,634,394,72
762,1,334,280,811,739,388,649,779,331,328,654,801,759,467,266,789,354,371,845
763,536,867,252,323,206,110,10,454,492,481,827,281,754,192,719,823,854,75,229
764,78,373,62,788,841,290,484,136,226,614,460,454,494,234,26,608,144,659,189
765,79,708,826,796,474,263,281,372,326,577,635,3,889,274,60,404,538,455,206
766,623,721,792,563,861,50,405,345,248,279,553,212,848,56,859,605,283,480,219
767,273,146,208,305,661,232,865,442,427,103,395,773,131,27,15,477,283,342,569
768,53,299,876,898,887,746,601,647,75,783,278,85,395,864,754,145,580,581,547
769,341,544,263,290,647,846,385,614,35,466,849,91,326,155,635,768,299,770,330
770,823,263,754,349,469,899,326,887,732,685,849,768,746,356,581,323,492,691,10
771,426,112,253,585,208,15,752,93,67,63,51,284,778,408,661,248,413,96,662
772,830,607,825,596,880,546,861,362,260,279,44,603,555,684,164,609,209,622,376
773,439,304,263,146,675,290,569,716,114,878,534,341,202,457,401,145,849,635,35
774,324,331,277,871,812,217,651,191,113,389,435,227,46,106,124,301,470,13,392
775,370,94,25,312,540,211,294,175,615,576,433,300,239,486,839,382,343,272,467
776,642,381,479,470,440,419,890,882,584,781,106,201,886,234,756,799,743,590,76
777,202,372,274,193,78,136,6,169,614,675,397,142,445,342,234,454,889,598,383
778,585,879,125,426,96,208,771,48,884,661,752,210,15,679,296,535,284,873,65
779,789,558,895,343,127,266,387,839,386,498,785,300,576,418,388,587,458,467,857
780,179,477,876,367,427,40,647,122,426,831,284,171,232,716,48,413,879,617,74
781,725,223,381,269,799,628,234,590,33,742,659,743,7,776,76,562,445,745,327
782,377,267,498,222,523,2,266,127,516,895,779,421,386,387,500,200,558,789,343
783,768,788,75,876,145,484,898,263,78,648,462,746,481,678,323,299,569,754,534
784,308,275,629,407,72,877,664,115,875,461,413,216,376,860,126,443,552,589,101
785,839,587,498,779,264,127,211,343,387,516,895,418,386,558,312,811,300,540,801
786,49,830,880,861,603,881,825,772,607,609,818,24,596,624,645,592,555,249,362
787,141,864,672,666,318,299,580,85,93,589,307,126,395,27,171,278,682,284,662
788,714,323,534,75,234,78,484,290,783,614,454,869,768,230,327,74,494,263,889
789,779,266,558,127,388,387,343,386,576,382,709,467,498,150,433,418,895,421,300
790,346,261,597,581,878,647,12,165,889,849,263,887,91,773,481,299,339,35,538
791,552,72,275,461,98,860,44,172,753,308,376,140,322,592,86,24,443,696,737
792,766,345,623,56,563,553,50,248,405,715,212,652,416,737,480,605,560,721,735
793,558,266,421,789,458,387,779,382,709,343,150,467,500,267,127,498,895,245,377
794,702,438,682,52,170,214,163,805,82,417,244,431,32,367,318,403,255,681,530
795,451,490,680,551,669,87,760,684,617,442,557,802,186,813,376,262,537,410,657
796,445,455,562,223,234,404,638,844,385,541,827,375,485,7,323,281,290,330,742
797,780,74,179,3,101,426,507,876,369,218,329,612,693,48,539,125,446,519,40
798,289,509,242,241,267,809,896,523,200,59,225,185,516,116,2,701,533,293,325
799,781,725,223,659,269,756,844,590,7,506,76,90,755,776,628,445,381,751,893
800,530,137,578,117,255,707,803,43,5,332,521,54,648,723,214,669,731,647,82
801,467,418,388,382,856,312,811,371,294,266,386,343,433,498,576,789,785,839,779
802,186,490,594,813,669,117,311,617,83,633,834,688,551,863,158,256,262,727,795
803,530,469,45,899,332,581,843,102,527,648,255,529,606,682,731,54,20,367,720
804,660,650,181,173,35,862,410,806,731,675,159,678,703,879,81,646,273,878,447
805,515,524,873,163,403,698,696,885,794,438,317,702,687,837,521,149,52,11,82
806,181,20,410,83,403,398,197,757,391,380,657,804,52,660,858,117,703,731,515
807,543,720,545,899,241,293,621,706,149,803,102,464,325,20,344,815,488,163,12
808,885,727,186,21,403,690,438,37,181,92,515,669,22,594,406,610,214,761,805
809,759,200,289,222,2,701,500,893,267,600,516,538,739,498,354,247,704,185,549
810,12,547,375,330,889,788,155,234,538,341,846,6,344,346,513,165,91,462,768
811,759,739,801,654,371,388,418,779,467,266,785,845,789,839,343,558,498,856,532
812,324,871,774,201,33,277,642,331,882,470,449,627,106,13,234,301,7,389,651
813,186,669,256,117,594,551,664,490,802,507,83,72,262,633,413,657,406,477,311
814,647,581,367,105,427,303,733,477,731,780,12,876,588,531,158,682,648,716,4
815,685,545,47,732,899,495,770,807,488,683,295,682,349,621,399,823,307,676,581
816,68,646,99,270,69,426,661,408,197,48,96,879,15,125,494,650,741,524,232
817,737,256,72,171,487,44,413,661,753,716,588,831,208,873,680,122,585,408,591
818,753,134,490,443,552,72,592,875,44,376,461,86,115,551,98,311,283,750,413
819,101,407,737,322,275,873,72,664,696,487,671,40,126,787,888,308,406,413,831
820,854,258,193,139,676,221,754,559,734,439,732,325,581,899,685,496,366,143,111
821,92,663,515,39,317,885,894,403,837,408,535,406,873,426,610,262,98,511,736
822,874,742,385,20,641,350,223,731,806,744,870,678,17,707,464,485,344,149,853
823,263,356,899,754,770,457,221,228,492,145,495,143,268,469,529,206,353,320,849
824,395,208,567,865,715,477,432,101,427,553,737,224,27,305,278,271,232,131,413
825,830,607,772,164,684,205,80,461,24,319,260,624,604,362,44,736,180,552,39
826,326,35,263,538,341,846,165,469,887,330,544,849,889,878,876,85,464,731,299
827,867,330,469,625,742,534,336,323,223,638,45,404,290,492,385,165,481,344,313
828,675,847,136,397,182,777,612,123,767,151,872,146,316,202,286,305,193,660,274
829,248,24,42,405,771,736,348,51,50,283,778,56,679,585,735,359,15,879,607
830,772,607,825,596,861,555,546,97,880,786,881,622,848,279,684,868,29,44,553
831,122,40,780,413,101,72,171,284,873,507,477,41,54,208,524,256,664,716,179
832,39,128,653,665,672,72,443,760,413,737,884,771,112,860,724,663,551,63,461
833,646,641,650,179,410,103,658,403,391,879,11,837,733,462,515,741,472,610,74
834,617,431,367,551,314,477,613,52,99,662,567,741,271,503,173,413,427,303,208
835,560,97,861,555,563,553,50,607,405,836,56,830,766,859,219,583,721,881,592
836,555,560,881,97,56,835,546,848,49,828,607,24,553,151,722,865,405,29,830
837,894,410,37,262,317,403,406,426,585,284,367,760,126,884,873,398,879,551,556
838,78,768,432,182,517,278,202,194,729,865,383,614,142,788,876,846,273,341,454
839,785,779,418,343,211,370,587,300,312,264,498,127,94,387,540,25,467,371,576
840,407,425,877,730,31,216,438,171,671,664,322,819,22,582,308,284,126,420,254
841,745,62,30,743,144,890,659,455,454,234,614,341,460,764,373,223,628,756,269
842,531,589,424,190,413,261,581,875,864,716,477,299,877,666,787,519,171,780,814
843,99,367,344,45,524,870,250,68,874,733,748,731,647,602,426,197,67,120,876
844,756,494,625,290,90,874,234,659,173,269,223,485,869,385,799,327,796,660,738
845,811,739,759,893,266,498,779,789,500,751,654,418,388,558,801,467,785,222,458
846,889,95,748,341,182,635,326,538,339,91,290,494,234,165,878,263,675,193,660
847,383,151,316,865,612,608,360,611,123,74,828,146,715,56,675,872,494,182,232
848,279,623,248,872,868,865,721,405,546,555,23,553,564,249,283,56,693,830,829
849,263,887,318,299,341,889,681,346,768,290,581,330,313,481,773,790,261,364,547
850,569,675,773,439,397,401,517,290,74,304,862,75,3,484,457,366,748,273,385
851,147,55,730,198,43,637,321,712,8,840,149,170,61,671,402,353,143,347,54
852,577,384,770,393,685,349,734,47,119,302,896,823,543,293,899,887,281,295,547
853,731,874,117,733,344,648,464,757,218,720,197,45,870,118,367,469,678,350,400
854,580,754,75,221,534,898,192,307,336,196,746,527,344,139,439,768,542,228,226
855,181,84,81,11,804,703,806,660,237,257,380,14,489,117,164,310,687,410,135
856,801,371,467,382,388,328,418,811,785,386,150,312,759,654,2,498,789,839,294
857,343,386,188,300,387,779,377,421,458,558,576,418,498,895,370,211,127,839,433
858,306,760,806,741,870,391,660,410,757,37,503,431,731,253,197,35,617,403,83
859,283,44,817,737,680,41,661,125,208,716,753,831,865,256,248,72,490,86,875
860,592,552,443,86,115,461,875,376,72,275,140,735,653,753,832,413,665,724,172
861,97,830,607,772,553,560,50,786,405,881,563,735,49,555,835,766,24,279,623
862,397,804,675,869,309,401,74,660,878,237,159,273,650,310,385,146,304,647,3
863,311,317,873,72,490,256,262,322,511,696,216,415,805,524,132,406,594,284,515
864,141,787,768,27,85,395,580,278,581,666,439,477,53,4,749,888,647,567,299
865,131,271,74,432,273,716,151,316,208,283,383,715,146,824,767,427,448,567,48
866,80,603,825,690,684,209,535,205,21,657,643,604,24,490,297,551,57,645,235
867,827,323,763,10,45,469,492,697,206,110,754,481,263,536,404,742,192,823,454
868,680,442,279,448,446,44,564,661,623,650,865,337,283,859,817,689,767,157,413
869,290,234,889,6,675,341,385,788,484,844,339,145,397,310,635,78,660,323,878
870,731,197,602,874,757,733,344,99,878,464,647,35,879,367,45,385,173,843,369
871,331,324,812,7,774,277,651,445,234,338,584,440,389,113,642,392,372,281,890
872,167,675,650,123,448,159,693,564,660,337,232,129,661,612,279,804,316,847,401
873,884,426,507,317,535,126,438,524,831,696,208,72,52,805,664,487,40,369,322
874,344,731,494,35,757,870,742,173,602,625,165,469,223,733,534,385,108,17,16
875,589,256,617,72,443,753,413,490,41,303,567,737,86,552,461,477,551,115,860
876,647,299,780,768,367,648,898,731,878,74,165,171,232,173,45,85,67,99,519
877,190,413,31,831,171,451,308,122,101,72,41,780,27,238,477,784,842,737,840
878,165,660,35,263,748,344,538,182,733,159,870,326,385,675,647,65,635,757,876
879,99,778,197,426,15,208,125,96,661,446,489,585,878,410,870,48,647,369,816
880,881,596,546,42,603,607,684,772,279,472,564,164,830,362,489,786,24,645,29
881,607,880,596,546,29,603,49,830,604,786,825,97,555,861,560,24,772,50,279
882,642,449,201,890,776,440,470,389,33,627,106,30,13,584,381,743,886,812,217
883,145,91,484,876,330,569,299,339,341,648,647,290,313,75,849,261,12,346,635
884,873,426,535,752,314,778,284,551,128,369,771,125,96,760,408,585,507,317,837
885,610,508,657,317,727,403,92,11,438,181,96,690,117,37,873,515,82,594,808
886,584,389,124,479,333,642,651,227,533,776,708,470,217,890,440,106,201,277,845
887,302,299,768,547,581,346,263,849,889,349,341,53,47,326,281,496,330,790,145
888,477,525,224,556,32,126,567,208,413,395,367,864,52,253,664,682,873,439,737
889,263,341,846,234,614,481,454,290,323,281,635,30,326,339,869,78,748,887,346
890,234,30,882,659,440,673,642,841,756,409,62,776,743,142,889,372,333,76,341
891,866,603,624,184,684,257,133,288,645,643,21,535,880,566,57,472,690,83,187
892,166,314,63,724,747,663,657,311,306,171,319,216,662,551,413,72,15,699,760
893,845,897,799,500,498,222,267,516,739,759,2,751,247,809,289,538,127,325,654
894,837,37,761,507,727,406,317,262,403,515,873,410,398,741,391,352,646,594,885
895,779,587,558,421,343,387,433,576,300,789,386,127,785,266,523,857,211,264,150
896,393,399,719,618,533,577,241,852,676,47,384,549,496,119,281,823,325,113,708
897,106,893,584,845,440,267,776,516,445,372,498,325,479,234,533,222,381,743,124
898,748,746,768,45,165,876,75,534,344,494,221,729,647,854,439,299,749,99,318
899,823,143,469,706,149,770,464,326,803,330,263,754,807,529,638,581,356,691,344
